,Product Name,Price,Brand,Categories,Product Sold,Stock,Rating,5 Start,4 Start,3 Start,2 Start,1 Start,Total Rating,No of Comments,Image and Video
0,DÃ¢y chuyá»n máº·t vuÃ´ng ná»¯ khá»‘i kim loáº¡i trang sá»©c,â‚«19.999,None,Phá»¥ Kiá»‡n & Trang Sá»©c Ná»¯/DÃ¢y chuyá»n,229,175,4.9,5 Sao (40),4 Sao (2),3 Sao (1),2 Sao (0),1 Sao (0),43,CÃ³ BÃ¬nh luáº­n (13),CÃ³ hÃ¬nh áº£nh / video (12)
1,"Nháº«n báº¡c ná»¯ Ä‘Ã­nh Ä‘Ã¡ Nabee Silver, phá»¥ kiá»‡n trang sá»©c nháº«n ná»¯ Ä‘áº¹p láº¥p lÃ¡nh - Queen Ring",â‚«90.000,None,Phá»¥ Kiá»‡n & Trang Sá»©c Ná»¯/Nháº«n,327,2331,5.0,5 Sao (0),4 Sao (0),3 Sao (0),2 Sao (0),1 Sao (0),160,CÃ³ BÃ¬nh luáº­n (0),CÃ³ hÃ¬nh áº£nh / video (0)
2,DÃ¢y chuyá»n ná»¯ báº¡c Ä‘áº¹p máº«u má»›i thá»i trang máº·t Ä‘Ã¡ ná»•i báº­t - Trang sá»©c Bibi silver cam káº¿t báº¡c chuáº©n kÃ¨m báº£o hÃ nh,â‚«169.800,None,Phá»¥ Kiá»‡n & Trang Sá»©c Ná»¯/DÃ¢y chuyá»n,"1,1k",99010,4.9,5 Sao (0),4 Sao (0),3 Sao (0),2 Sao (0),1 Sao (0),510,CÃ³ BÃ¬nh luáº­n (0),CÃ³ hÃ¬nh áº£nh / video (0)
3,DÃ¢y chuyá»n hÃ¬nh bÆ°á»›m Ä‘Ã­nh Ä‘Ã¡ cho ná»¯,â‚«17.500,None,Phá»¥ Kiá»‡n & Trang Sá»©c Ná»¯/DÃ¢y chuyá»n,"5,7k",458,4.9,5 Sao (0),4 Sao (0),3 Sao (0),2 Sao (0),1 Sao (0),"1,9k",CÃ³ BÃ¬nh luáº­n (0),CÃ³ hÃ¬nh áº£nh / video (0)
4,VÃ²ng cá»• kim loáº¡i phá»‘i máº·t hÃ¬nh chá»¯ cÃ¡i tÃ¹y chá»n Ä‘Æ¡n giáº£n thá»i trang,â‚«8.546,None,Phá»¥ Kiá»‡n & Trang Sá»©c Ná»¯/DÃ¢y chuyá»n,"3,2k",57231,4.9,5 Sao (0),4 Sao (0),3 Sao (0),2 Sao (0),1 Sao (0),866,CÃ³ BÃ¬nh luáº­n (0),CÃ³ hÃ¬nh áº£nh / video (0)
5, Nháº«n thÃ©p khÃ´ng gá»‰ thiáº¿t káº¿ Ä‘o nhiá»‡t Ä‘á»™ sÃ¡ng táº¡o dÃ nh cho nam vÃ  ná»¯,â‚«14.800 - â‚«15.900,None,Phá»¥ Kiá»‡n & Trang Sá»©c Ná»¯/Nháº«n,"4,8k",284365,4.7,5 Sao (0),4 Sao (0),3 Sao (0),2 Sao (0),1 Sao (0),"1,3k",CÃ³ BÃ¬nh luáº­n (0),CÃ³ hÃ¬nh áº£nh / video (0)
6,(LOáº I 1)Choker ÄÃ¡ Ná»¯ VÃ²ng Cá»• Raily ÄÃ­nh ÄÃ¡ Äi Tiá»‡c Xinh Cá»±c SÃ nh Äiá»‡u Quyáº¿n RÅ© NHÃ€ NHá» C11,â‚«29.000 - â‚«135.000,None,Phá»¥ Kiá»‡n & Trang Sá»©c Ná»¯/DÃ¢y chuyá»n,664,66,5.0,5 Sao (0),4 Sao (0),3 Sao (0),2 Sao (0),1 Sao (0),188,CÃ³ BÃ¬nh luáº­n (0),CÃ³ hÃ¬nh áº£nh / video (0)
7,Bá»™ Nháº«n Há»Ÿ Phong CÃ¡ch Hip Hop Cá»• Äiá»ƒn Cho Nam VÃ  Ná»¯,â‚«14.000,MAYEBE LAVEND,Phá»¥ Kiá»‡n & Trang Sá»©c Ná»¯/Nháº«n,"2,4k",8802,4.8,5 Sao (0),4 Sao (0),3 Sao (0),2 Sao (0),1 Sao (0),732,CÃ³ BÃ¬nh luáº­n (0),CÃ³ hÃ¬nh áº£nh / video (0)
8,VÃ²ng cá»• ná»¯ ngá»c trai nhÃ¢n táº¡o sang trá»ng - dÃ¢y chuyá»n 2 táº§ng necklace phong cÃ¡ch HÃ n Quá»‘c phá»¥ kiá»‡n Hades.js,â‚«10.000 - â‚«15.000,None,Phá»¥ Kiá»‡n & Trang Sá»©c Ná»¯/DÃ¢y chuyá»n,818,56,4.9,5 Sao (0),4 Sao (0),3 Sao (0),2 Sao (0),1 Sao (0),197,CÃ³ BÃ¬nh luáº­n (0),CÃ³ hÃ¬nh áº£nh / video (0)
9,"DÃ¢y chuyá»n ná»¯, vÃ²ng cá»• ná»¯ ziczac Ä‘Ã­nh ngá»c ná»¯ tÃ­nh thá»i trang NL012,013 Leace.accessories",â‚«25.000,None,Phá»¥ Kiá»‡n & Trang Sá»©c Ná»¯/DÃ¢y chuyá»n,175,23,4.9,5 Sao (0),4 Sao (0),3 Sao (0),2 Sao (0),1 Sao (0),67,CÃ³ BÃ¬nh luáº­n (0),CÃ³ hÃ¬nh áº£nh / video (0)
10,VÃ²ng cá»• ná»¯ Titan HÃ¬nh trÃ¡i tim khÃ´ng gá»‰ daÌ‚y chuyeÌ‚Ì€n vaÌ€ng phong cÃ¡ch HÃ n Quá»‘c Trang sá»©c titan,â‚«26.000 - â‚«72.000,None,Phá»¥ Kiá»‡n & Trang Sá»©c Ná»¯/DÃ¢y chuyá»n,4k,40146,4.9,5 Sao (0),4 Sao (0),3 Sao (0),2 Sao (0),1 Sao (0),"1,1k",CÃ³ BÃ¬nh luáº­n (0),CÃ³ hÃ¬nh áº£nh / video (0)
11,Aqtten Nháº«n Cá»• Äiá»ƒn Kháº¯c Há»a Tiáº¿t TrÃªn Äá»“ng Xu Morgan Cá»• Phong CÃ¡ch Punk MÃ u Báº¡c DÃ nh Cho Báº¡n Nam,â‚«27.812,None,Phá»¥ Kiá»‡n & Trang Sá»©c Ná»¯/Nháº«n,"1,8k",39998,4.9,5 Sao (484),4 Sao (25),3 Sao (7),2 Sao (6),1 Sao (7),529,CÃ³ BÃ¬nh luáº­n (219),CÃ³ hÃ¬nh áº£nh / video (152)
12,Handmade - VÃ²ng cá»• choker hoáº¡ tiáº¿t hoa tÃ­m,â‚«35.000 - â‚«42.000,None,Phá»¥ Kiá»‡n & Trang Sá»©c Ná»¯/DÃ¢y chuyá»n,13,22,5.0,5 Sao (4),4 Sao (0),3 Sao (0),2 Sao (0),1 Sao (0),4,CÃ³ BÃ¬nh luáº­n (2),CÃ³ hÃ¬nh áº£nh / video (1)
13,VÃ²ng cá»• lÃ m tá»« thÃ©p titan máº·t hÃ¬nh thÃ¡nh giÃ¡ thá»i trang dÃ nh cho nam vÃ  ná»¯,â‚«5.900,None,Phá»¥ Kiá»‡n & Trang Sá»©c Ná»¯/DÃ¢y chuyá»n,"2,2k",17481,4.5,5 Sao (457),4 Sao (59),3 Sao (39),2 Sao (14),1 Sao (31),600,CÃ³ BÃ¬nh luáº­n (276),CÃ³ hÃ¬nh áº£nh / video (167)
14,Nháº«n Nam Ná»¯ Titan HÃ¬nh Rá»“ng Cá»±c Cháº¥t - Bim's House,â‚«29.000,None,Phá»¥ Kiá»‡n & Trang Sá»©c Ná»¯/Nháº«n,546,239889,4.9,5 Sao (129),4 Sao (11),3 Sao (3),2 Sao (1),1 Sao (0),144,CÃ³ BÃ¬nh luáº­n (63),CÃ³ hÃ¬nh áº£nh / video (32)
15,DÃ¢y chuyá»n máº·t vuÃ´ng Ä‘Ã­nh Ä‘Ã¡ vÃ²ng cá»• ná»¯ xu hÆ°á»›ng thá»i trang,â‚«18.700,None,Phá»¥ Kiá»‡n & Trang Sá»©c Ná»¯/DÃ¢y chuyá»n,"1,6k",731,4.9,5 Sao (480),4 Sao (13),3 Sao (6),2 Sao (2),1 Sao (1),502,CÃ³ BÃ¬nh luáº­n (153),CÃ³ hÃ¬nh áº£nh / video (141)
16, Nháº«n báº±ng thÃ©p khÃ´ng gá»‰ nhiá»u mÃ u/vÃ ng/báº¡c/Ä‘en kÃ­ch thÆ°á»›c 6mm Wc064 cho ná»¯,â‚«4.760 - â‚«9.520,None,Phá»¥ Kiá»‡n & Trang Sá»©c Ná»¯/Nháº«n,"2,9k",418140,4.8,5 Sao (0),4 Sao (0),3 Sao (0),2 Sao (0),1 Sao (0),438,CÃ³ BÃ¬nh luáº­n (0),CÃ³ hÃ¬nh áº£nh / video (0)
17,HÃ³t hÃ³t nháº«n há»“ ly phong thá»§y báº¡c cho ná»¯ giÃ¡ xÆ°á»Ÿng,â‚«50.000,None,Phá»¥ Kiá»‡n & Trang Sá»©c Ná»¯/Nháº«n,"1,3k",15173,4.9,5 Sao (356),4 Sao (6),3 Sao (3),2 Sao (3),1 Sao (3),371,CÃ³ BÃ¬nh luáº­n (204),CÃ³ hÃ¬nh áº£nh / video (170)
18,VÃ²ng cá»• choker Ä‘Ã­nh Ä‘Ã¡ nhÃ¢n táº¡o thiáº¿t káº¿ nhiá»u kiá»ƒu dÃ¡ng sang trá»ng Ä‘i chÆ¡i Ä‘i tiá»‡c,â‚«62.400 - â‚«254.400,None,Phá»¥ Kiá»‡n & Trang Sá»©c Ná»¯/DÃ¢y chuyá»n,332,469,4.9,5 Sao (34),4 Sao (1),3 Sao (1),2 Sao (0),1 Sao (0),36,CÃ³ BÃ¬nh luáº­n (19),CÃ³ hÃ¬nh áº£nh / video (14)
19,NHáºªN LÃ”NG VÅ¨ Báº C TA CÃ“ THá»‚ ÄIá»€U CHá»ˆNH SIZE TAY - TRANG Sá»¨C CAO Cáº¤P BIBI SILVER,â‚«26.200,None,Phá»¥ Kiá»‡n & Trang Sá»©c Ná»¯/Nháº«n,"2,2k",210,4.9,5 Sao (751),4 Sao (22),3 Sao (7),2 Sao (3),1 Sao (9),792,CÃ³ BÃ¬nh luáº­n (376),CÃ³ hÃ¬nh áº£nh / video (325)
20,"VÃ²ng cá»• há»£p kim báº¡c titan Lux Jewelry, dÃ¢y chuyá»n ná»¯ cá» 4 lÃ¡ Ä‘eo 2 kiá»ƒu trÃ¡i tim â€“ LUXJ923",â‚«99.000 - â‚«109.000,None,Phá»¥ Kiá»‡n & Trang Sá»©c Ná»¯/DÃ¢y chuyá»n,"1,8k",150,4.9,5 Sao (0),4 Sao (0),3 Sao (0),2 Sao (0),1 Sao (0),694,CÃ³ BÃ¬nh luáº­n (0),CÃ³ hÃ¬nh áº£nh / video (0)
21,VÃ²ng Cá»• DÃ¢y Chuyá»n Nam Ná»¯ ThÃ©p Titan KhÃ´ng Gá»‰ XÃ­ch Báº£n To Phong CÃ¡ch Hiphop,â‚«38.250,None,Thá»i Trang Nam/Trang Sá»©c Nam/DÃ¢y chuyá»n,390,154,5.0,5 Sao (0),4 Sao (0),3 Sao (0),2 Sao (0),1 Sao (0),118,CÃ³ BÃ¬nh luáº­n (0),CÃ³ hÃ¬nh áº£nh / video (0)
22,Nháº«n thá»i trang ná»¯ Madeline N21 máº·t trÃ¡i tim dá»ƒ thÆ°Æ¡ng phong cÃ¡ch HÃ n Quá»‘c tuyá»‡t Ä‘áº¹p,â‚«6.900,None,Phá»¥ Kiá»‡n & Trang Sá»©c Ná»¯/Nháº«n,924,84,4.9,5 Sao (276),4 Sao (10),3 Sao (4),2 Sao (0),1 Sao (1),291,CÃ³ BÃ¬nh luáº­n (109),CÃ³ hÃ¬nh áº£nh / video (106)
23,âœ¿ VÃ²ng cá»• mÃ u mÃ¨ â˜ºDÃ¢y chuyá»n háº¡t cÆ°á»m Ciwu âœ¿,â‚«35.000,None,Phá»¥ Kiá»‡n & Trang Sá»©c Ná»¯/DÃ¢y chuyá»n,11,27,5.0,5 Sao (5),4 Sao (0),3 Sao (0),2 Sao (0),1 Sao (0),5,CÃ³ BÃ¬nh luáº­n (3),CÃ³ hÃ¬nh áº£nh / video (2)
24,VÃ’NG Cá»” Háº T CÆ¯á»œM PASTEL XINH Xáº®N,â‚«30.000,None,Phá»¥ Kiá»‡n & Trang Sá»©c Ná»¯/DÃ¢y chuyá»n,4,8,5.0,5 Sao (1),4 Sao (0),3 Sao (0),2 Sao (0),1 Sao (0),1,CÃ³ BÃ¬nh luáº­n (0),CÃ³ hÃ¬nh áº£nh / video (0)
25,DÃ¢y chuyá»n nam titan thá»i trang hiphop dÃ¢y kim loáº¡i cÃ¡ tÃ­nh nhiá»u lá»±a chá»n,â‚«9.500 - â‚«37.000,None,Thá»i Trang Nam/Trang Sá»©c Nam/DÃ¢y chuyá»n,2k,4416,4.9,5 Sao (491),4 Sao (14),3 Sao (13),2 Sao (5),1 Sao (5),528,CÃ³ BÃ¬nh luáº­n (132),CÃ³ hÃ¬nh áº£nh / video (92)
26,DÃ¢y chuyá»n ná»¯ Ä‘áº¹p DOUDOU DÃ¢y chuyá»n ngá»c trai nhÃ¢n táº¡o thanh lá»‹ch khÃ­ cháº¥t phong cÃ¡ch Ã‚u Má»¹ thá»i trang XL009,â‚«18.500 - â‚«33.000,None,Phá»¥ Kiá»‡n & Trang Sá»©c Ná»¯/DÃ¢y chuyá»n,415,1094,4.9,5 Sao (0),4 Sao (0),3 Sao (0),2 Sao (0),1 Sao (0),97,CÃ³ BÃ¬nh luáº­n (0),CÃ³ hÃ¬nh áº£nh / video (0)
27,VÃ²ng cá»• dÃ y chuá»—i háº¡t trÃ²n trÃ¡i tim trang sá»©c,â‚«27.800 - â‚«27.900,None,Phá»¥ Kiá»‡n & Trang Sá»©c Ná»¯/DÃ¢y chuyá»n,208,30,4.9,5 Sao (55),4 Sao (1),3 Sao (1),2 Sao (0),1 Sao (0),57,CÃ³ BÃ¬nh luáº­n (20),CÃ³ hÃ¬nh áº£nh / video (17)
28,DÃ¢y chuyá»n háº¡t pha lÃª Ä‘áº§y mÃ u sáº¯c thá»i trang dÃ nh cho ná»¯,â‚«20.500,None,Phá»¥ Kiá»‡n & Trang Sá»©c Ná»¯/DÃ¢y chuyá»n,"1,9k",6933,4.9,5 Sao (0),4 Sao (0),3 Sao (0),2 Sao (0),1 Sao (0),548,CÃ³ BÃ¬nh luáº­n (0),CÃ³ hÃ¬nh áº£nh / video (0)
29,DÃ¢y chuyá»n nam máº¡ vÃ ng Bracelet hÃ¬nh Ä‘á»‘t trÃºc siÃªu Ä‘áº¹p,â‚«25.000,None,Thá»i Trang Nam/Trang Sá»©c Nam/DÃ¢y chuyá»n,"2,9k",937,4.6,5 Sao (527),4 Sao (43),3 Sao (26),2 Sao (9),1 Sao (28),633,CÃ³ BÃ¬nh luáº­n (206),CÃ³ hÃ¬nh áº£nh / video (89)
30,Set 2 Nháº«n HÃ¬nh TrÃ¡i Tim Rá»—ng Phong CÃ¡ch Hip Hop ÄÆ¡n Giáº£n Thá»i Trang Cho Nam VÃ  Ná»¯,â‚«3.500,None,Phá»¥ Kiá»‡n & Trang Sá»©c Ná»¯/Nháº«n,2k,783,4.9,5 Sao (573),4 Sao (32),3 Sao (15),2 Sao (4),1 Sao (2),626,CÃ³ BÃ¬nh luáº­n (420),CÃ³ hÃ¬nh áº£nh / video (353)
31,Nháº«n kim loáº¡i thÃ©p khÃ´ng gá»‰ 8mm size 6 - 12 thá»i trang,â‚«14.000,None,Phá»¥ Kiá»‡n & Trang Sá»©c Ná»¯/Nháº«n,"9,7k",None,4.8,"5 Sao (2,1k)",4 Sao (121),3 Sao (51),2 Sao (12),1 Sao (44),"2,3k",CÃ³ BÃ¬nh luáº­n (797),CÃ³ hÃ¬nh áº£nh / video (546)
32,DÃ¢y chuyá»n báº¡c cá» 4 lÃ¡ may máº¯n phong cÃ¡ch ná»¯ tÃ­nh Ä‘eo Ä‘Æ°á»£c 2 kiá»ƒu HNY Jewelry DC03,â‚«119.000,None,Phá»¥ Kiá»‡n & Trang Sá»©c Ná»¯/DÃ¢y chuyá»n,362,193,4.8,5 Sao (128),4 Sao (11),3 Sao (0),2 Sao (0),1 Sao (4),143,CÃ³ BÃ¬nh luáº­n (59),CÃ³ hÃ¬nh áº£nh / video (50)
33,VÃ²ng Cá»• Phá»‘i Ngá»c Trai NhÃ¢n Táº¡o Phong CÃ¡ch Vintage,â‚«29.303,None,Phá»¥ Kiá»‡n & Trang Sá»©c Ná»¯/DÃ¢y chuyá»n,"2,8k",8472,4.9,5 Sao (848),4 Sao (23),3 Sao (2),2 Sao (3),1 Sao (4),880,CÃ³ BÃ¬nh luáº­n (332),CÃ³ hÃ¬nh áº£nh / video (274)
34,Nháº«n Ná»¯ 1 ViÃªn ÄÃ¡ NhÃ¢n Táº¡o MÃ u Xanh LÃ¡ Titan Ko Äen TT 2964,â‚«56.000,None,Phá»¥ Kiá»‡n & Trang Sá»©c Ná»¯/Nháº«n,77,13,5.0,5 Sao (0),4 Sao (0),3 Sao (0),2 Sao (0),1 Sao (0),35,CÃ³ BÃ¬nh luáº­n (0),CÃ³ hÃ¬nh áº£nh / video (0)
35,DÃ¢y chuyá»n vÃ²ng ngá»c trai nhÃ¢n táº¡o máº·t trÃ²n ná»¯,â‚«24.500,None,Phá»¥ Kiá»‡n & Trang Sá»©c Ná»¯/DÃ¢y chuyá»n,"1,5k",198,4.9,5 Sao (449),4 Sao (9),3 Sao (5),2 Sao (3),1 Sao (5),471,CÃ³ BÃ¬nh luáº­n (207),CÃ³ hÃ¬nh áº£nh / video (197)
36,DÃ¢y chuyá»n báº¡c nÆ°Ìƒ CDE Bow Necklace Silver CDE601902 - Báº¡c cao cáº¥p S925,â‚«149.000,CDE,Phá»¥ Kiá»‡n & Trang Sá»©c Ná»¯/DÃ¢y chuyá»n,"1,4k",1470,4.9,5 Sao (473),4 Sao (22),3 Sao (5),2 Sao (2),1 Sao (2),504,CÃ³ BÃ¬nh luáº­n (334),CÃ³ hÃ¬nh áº£nh / video (307)
37,Bá»™ 2 Nháº«n ÄÃ­nh HÃ´n Má»Ÿ Äiá»u Chá»‰nh ÄÆ°á»£c ÄÃ­nh ÄÃ¡ Thá»i Trang Cho Cáº·p ÄÃ´i,â‚«5.600 - â‚«28.000,None,Phá»¥ Kiá»‡n & Trang Sá»©c Ná»¯/Nháº«n,647,3798795,4.7,5 Sao (0),4 Sao (0),3 Sao (0),2 Sao (0),1 Sao (0),178,CÃ³ BÃ¬nh luáº­n (0),CÃ³ hÃ¬nh áº£nh / video (0)
38,VÃ²ng cá»• Máº·t Äáº¡i BÃ ng Bay Báº±ng ThÃ©p KhÃ´ng Gá»‰ Phong CÃ¡ch Vintage Cho Nam,â‚«17.000,None,Phá»¥ Kiá»‡n & Trang Sá»©c Ná»¯/DÃ¢y chuyá»n,612,9996,4.5,5 Sao (112),4 Sao (14),3 Sao (7),2 Sao (2),1 Sao (9),144,CÃ³ BÃ¬nh luáº­n (55),CÃ³ hÃ¬nh áº£nh / video (26)
39,Nháº«n thÃ©p titan nam ná»¯ chá»¯ tháº­p tá»± khÃ´ng gá»‰ siÃªu bá»n,â‚«8.600,None,Phá»¥ Kiá»‡n & Trang Sá»©c Ná»¯/Nháº«n,"1,7k",243,4.8,5 Sao (481),4 Sao (33),3 Sao (9),2 Sao (3),1 Sao (5),531,CÃ³ BÃ¬nh luáº­n (172),CÃ³ hÃ¬nh áº£nh / video (143)
40,Nháº«n kim loáº¡i mÃ u Ä‘en 8mm há»a tiáº¿t chÃºa GiÃª-su Ä‘á»™c Ä‘Ã¡o cho nam,â‚«9.000 - â‚«15.000,None,Thá»i Trang Nam/Trang Sá»©c Nam/Nháº«n,644,279220,4.9,5 Sao (0),4 Sao (0),3 Sao (0),2 Sao (0),1 Sao (0),157,CÃ³ BÃ¬nh luáº­n (0),CÃ³ hÃ¬nh áº£nh / video (0)
41,DÃ¢y Chuyá»n Phong CÃ¡ch Hip Hop CÃ¡ TÃ­nh Cho Nam (CÃ³ BÃ¡n Láº» Sá»£i DÃ¢y Äeo),â‚«3.900 - â‚«11.000,None,Thá»i Trang Nam/Trang Sá»©c Nam/DÃ¢y chuyá»n,"9,7k",95782,4.9,"5 Sao (3,1k)",4 Sao (123),3 Sao (48),2 Sao (10),1 Sao (14),"3,2k","CÃ³ BÃ¬nh luáº­n (1,8k)","CÃ³ hÃ¬nh áº£nh / video (1,4k)"
42,DÃ¢y chuyá»n báº¡c ná»¯ Ä‘Ã¡ trÃ²n tráº¯ng báº¡c 925 thá»i trang phá»¥ kiá»‡n trang sá»©c ná»¯ Viá»…n ChÃ­ Báº£o D400763,â‚«152.000,Viá»…n ChÃ­ Báº£o,Phá»¥ Kiá»‡n & Trang Sá»©c Ná»¯/DÃ¢y chuyá»n,"1,2k",55423,4.9,5 Sao (477),4 Sao (11),3 Sao (5),2 Sao (3),1 Sao (7),503,CÃ³ BÃ¬nh luáº­n (312),CÃ³ hÃ¬nh áº£nh / video (270)
43,Thá»i Trang vÃ²ng cá»• Máº·t Chá»¯ Phong CÃ¡ch Hip Hop Gothic CÃ¡ TÃ­nh Cho Nam VÃ  Ná»¯,â‚«13.200,None,Phá»¥ Kiá»‡n & Trang Sá»©c Ná»¯/DÃ¢y chuyá»n,636,199563,4.8,5 Sao (144),4 Sao (9),3 Sao (4),2 Sao (4),1 Sao (3),164,CÃ³ BÃ¬nh luáº­n (62),CÃ³ hÃ¬nh áº£nh / video (38)
44,DÃ¢y chuyá»n hÃ¬nh máº·t trÄƒng khuyáº¿t má»›i cho nam ná»¯,â‚«18.600,None,Phá»¥ Kiá»‡n & Trang Sá»©c Ná»¯/DÃ¢y chuyá»n,852,56,4.9,5 Sao (316),4 Sao (6),3 Sao (4),2 Sao (2),1 Sao (0),328,CÃ³ BÃ¬nh luáº­n (104),CÃ³ hÃ¬nh áº£nh / video (99)
45,VÃ²ng cá»• ThÃ©p Titan Cho Cáº·p ÄÃ´i,â‚«9.900 - â‚«17.000,None,Phá»¥ Kiá»‡n & Trang Sá»©c Ná»¯/DÃ¢y chuyá»n,"5,8k",49099,4.8,"5 Sao (2,1k)",4 Sao (93),3 Sao (49),2 Sao (23),1 Sao (57),"2,3k","CÃ³ BÃ¬nh luáº­n (1,3k)","CÃ³ hÃ¬nh áº£nh / video (1,1k)"
46,DÃ¢y chuyá»n ná»¯ kim cÆ°Æ¡ng nhÃ¢n táº¡o trang sá»©c vÃ²ng cá»•,â‚«25.800,None,Phá»¥ Kiá»‡n & Trang Sá»©c Ná»¯/DÃ¢y chuyá»n,463,232,4.8,5 Sao (138),4 Sao (4),3 Sao (6),2 Sao (1),1 Sao (2),151,CÃ³ BÃ¬nh luáº­n (42),CÃ³ hÃ¬nh áº£nh / video (39)
47, Nháº«n thÃ©p khÃ´ng gá»‰ Ä‘Ã­nh Ä‘Ã¡ in há»a tiáº¿t CK thá»i trang,â‚«39.000 - â‚«99.000,None,Phá»¥ Kiá»‡n & Trang Sá»©c Ná»¯/Nháº«n,"4,7k",184306,4.9,"5 Sao (1,5k)",4 Sao (39),3 Sao (15),2 Sao (7),1 Sao (10),"1,5k",CÃ³ BÃ¬nh luáº­n (915),CÃ³ hÃ¬nh áº£nh / video (866)
48,Nháº«n khui bia nháº«n dÃ¢y xÃ­ch xoay nháº«n nam cao cáº¥p titan máº¡ giÃ¡ ráº» bá»n Ä‘áº¹p,â‚«6.000 - â‚«15.000,None,Thá»i Trang Nam/Trang Sá»©c Nam/Nháº«n,"2,2k",1842,4.8,5 Sao (488),4 Sao (45),3 Sao (18),2 Sao (3),1 Sao (9),563,CÃ³ BÃ¬nh luáº­n (229),CÃ³ hÃ¬nh áº£nh / video (142)
49,DÃ¢y chuyá»n hÃ¬nh trÃ¡i tim xÃ­ch lá»›n cho nam ná»¯ cÃ¡ tÃ­nh thá»i thÆ°á»£ng,â‚«12.700,None,Phá»¥ Kiá»‡n & Trang Sá»©c Ná»¯/DÃ¢y chuyá»n,"1,6k",822,4.9,5 Sao (618),4 Sao (13),3 Sao (5),2 Sao (3),1 Sao (2),641,CÃ³ BÃ¬nh luáº­n (291),CÃ³ hÃ¬nh áº£nh / video (263)
50, Nháº«n ThÃ©p Titan CÃ³ Chuá»—i DÃ¢y XÃ­ch CÃ³ Thá»ƒ Xoay Má»Ÿ Bia Cho Nam VÃ  Ná»¯,â‚«16.800 - â‚«18.800,None,Phá»¥ Kiá»‡n & Trang Sá»©c Ná»¯/Nháº«n,456,50918,4.6,5 Sao (96),4 Sao (10),3 Sao (7),2 Sao (0),1 Sao (5),118,CÃ³ BÃ¬nh luáº­n (34),CÃ³ hÃ¬nh áº£nh / video (20)
51,DÃ¢y chuyá»n báº¡c ná»¯ Ä‘Ã¡ Pha lÃª cháº¥t liá»‡u báº¡c 925 thá»i trang phá»¥ kiá»‡n trang sá»©c ná»¯ Viá»…n ChÃ­ Báº£o D400356x,â‚«152.000,Viá»…n ChÃ­ Báº£o,Phá»¥ Kiá»‡n & Trang Sá»©c Ná»¯/DÃ¢y chuyá»n,"1,1k",15004,4.9,5 Sao (437),4 Sao (19),3 Sao (7),2 Sao (4),1 Sao (6),473,CÃ³ BÃ¬nh luáº­n (307),CÃ³ hÃ¬nh áº£nh / video (274)
52,"DÃ¢y chuyá»n ná»¯, VÃ²ng cá»• Ná»¯ máº·t trÃ²n phá»‘i háº¡t trai tiá»ƒu thÆ°, trang sá»©c Vintage HER ACC",â‚«34.000 - â‚«39.000,None,Phá»¥ Kiá»‡n & Trang Sá»©c Ná»¯/DÃ¢y chuyá»n,"4,4k",None,4.9,"5 Sao (1,9k)",4 Sao (43),3 Sao (18),2 Sao (3),1 Sao (8),"1,9k","CÃ³ BÃ¬nh luáº­n (1,2k)","CÃ³ hÃ¬nh áº£nh / video (1,2k)"
53, Nháº«n Há»Ÿ Máº¡ Báº¡c 925 Há»a Tiáº¿t ÄÃªm Äáº§y Sao Van Gogh,â‚«13.871 - â‚«14.438,None,Phá»¥ Kiá»‡n & Trang Sá»©c Ná»¯/Nháº«n,"1,8k",886,4.8,5 Sao (407),4 Sao (36),3 Sao (18),2 Sao (4),1 Sao (3),468,CÃ³ BÃ¬nh luáº­n (254),CÃ³ hÃ¬nh áº£nh / video (219)
54,DÃ¢y chuyá»n máº«u Italy máº¡ báº¡ch kim-sÃ¡ng Ä‘áº¹p,â‚«189.000,None,Phá»¥ Kiá»‡n & Trang Sá»©c Ná»¯/DÃ¢y chuyá»n,448,833,4.8,5 Sao (123),4 Sao (4),3 Sao (4),2 Sao (1),1 Sao (3),135,CÃ³ BÃ¬nh luáº­n (56),CÃ³ hÃ¬nh áº£nh / video (44)
55,DÃ¢y chuyá»n ngá»c trai nhÃ¢n táº¡o máº·t trÃ²n ná»¯,â‚«23.500,None,Phá»¥ Kiá»‡n & Trang Sá»©c Ná»¯/DÃ¢y chuyá»n,844,171,4.9,5 Sao (238),4 Sao (4),3 Sao (2),2 Sao (0),1 Sao (2),246,CÃ³ BÃ¬nh luáº­n (83),CÃ³ hÃ¬nh áº£nh / video (81)
56,DÃ¢y Chuyá»n Ná»¯ HÃ¬nh BÃ´ng Tuyáº¿t Tráº¯ng Báº¡c Ã 2925 M1569 - Báº£o Ngá»c Jewelry,â‚«58.500 - â‚«207.000,Báº£o Ngá»c Jewelry,Phá»¥ Kiá»‡n & Trang Sá»©c Ná»¯/DÃ¢y chuyá»n,"4,2k",152,4.9,"5 Sao (1,1k)",4 Sao (78),3 Sao (14),2 Sao (4),1 Sao (5),"1,2k",CÃ³ BÃ¬nh luáº­n (746),CÃ³ hÃ¬nh áº£nh / video (630)
57,VÃ²ng cá»• kim loáº¡i Ä‘Ã­nh Ä‘Ã¡ hÃ¬nh giá»t nÆ°á»›c thá»i trang cho ná»¯,â‚«34.000 - â‚«52.000,None,Phá»¥ Kiá»‡n & Trang Sá»©c Ná»¯/DÃ¢y chuyá»n,"1,5k",None,4.9,5 Sao (267),4 Sao (12),3 Sao (3),2 Sao (1),1 Sao (4),287,CÃ³ BÃ¬nh luáº­n (180),CÃ³ hÃ¬nh áº£nh / video (166)
58,DÃ¢y Chuyá»n Báº¡c Ta Ná»¯ CaoBac Silver Huyá»n Thoáº¡i Biá»ƒn Xanh Xinh Xáº¯n Cho Báº¡n Ná»¯ - Trang Sá»©c CÃ¡o Báº¡c JEWELLERY,â‚«179.000,Caobac Silver,Phá»¥ Kiá»‡n & Trang Sá»©c Ná»¯/DÃ¢y chuyá»n,812,50,4.9,5 Sao (377),4 Sao (14),3 Sao (4),2 Sao (2),1 Sao (1),398,CÃ³ BÃ¬nh luáº­n (257),CÃ³ hÃ¬nh áº£nh / video (247)
59,[HOáº¢ Tá»C HCM] Há»™p Ä‘á»±ng nháº«n dÃ¢u tÃ¢y/nháº«n nÆ¡ nhung mÃ u Ä‘á»,â‚«7.999 - â‚«23.000,None,Phá»¥ Kiá»‡n & Trang Sá»©c Ná»¯/Nháº«n,"1,7k",228,4.9,5 Sao (202),4 Sao (12),3 Sao (2),2 Sao (2),1 Sao (2),220,CÃ³ BÃ¬nh luáº­n (95),CÃ³ hÃ¬nh áº£nh / video (72)
60,"Nháº«n ná»¯, nháº«n nam, nháº«n cartier titan khÃ´ng Ä‘Ã­nh Ä‘Ã¡ NZ219",â‚«55.000,None,Phá»¥ Kiá»‡n & Trang Sá»©c Ná»¯/Nháº«n,956,794,5.0,5 Sao (271),4 Sao (7),3 Sao (1),2 Sao (0),1 Sao (0),279,CÃ³ BÃ¬nh luáº­n (127),CÃ³ hÃ¬nh áº£nh / video (104)
61,DÃ¢y chuyá»n máº·t hÃ¬nh háº¡t trÃ²n phong cÃ¡ch HÃ n Quá»‘c Ä‘Æ¡n giáº£n thá»i trang dÃ nh cho ná»¯,â‚«13.500,None,Phá»¥ Kiá»‡n & Trang Sá»©c Ná»¯/DÃ¢y chuyá»n,"1,2k",13180,4.9,5 Sao (308),4 Sao (8),3 Sao (3),2 Sao (1),1 Sao (1),321,CÃ³ BÃ¬nh luáº­n (149),CÃ³ hÃ¬nh áº£nh / video (139)
62,VÃ²ng Cá»• Nam Ná»¯ DÃ¢y Chuyá»n Cuban Basic Chá»¯ Tháº­p Thá»i Trang  MÃ u Báº¡c Äáº¹p Cháº¥t Liá»‡u Titan.,â‚«24.000,None,Phá»¥ Kiá»‡n & Trang Sá»©c Ná»¯/DÃ¢y chuyá»n,989,794,4.9,5 Sao (274),4 Sao (15),3 Sao (6),2 Sao (0),1 Sao (3),298,CÃ³ BÃ¬nh luáº­n (111),CÃ³ hÃ¬nh áº£nh / video (69)
63,DÃ¢y chuyá»n titan vÃ²ng cá»• phá»¥ kiá»‡n trang sá»©c cho nam ná»¯ - choker chain jewelry necklace - Hades.js,â‚«35.900,None,Phá»¥ Kiá»‡n & Trang Sá»©c Ná»¯/DÃ¢y chuyá»n,160,46,4.9,5 Sao (37),4 Sao (0),3 Sao (1),2 Sao (0),1 Sao (0),38,CÃ³ BÃ¬nh luáº­n (12),CÃ³ hÃ¬nh áº£nh / video (10)
64, Nháº«n Ä‘eo tay nhiá»u kÃ­ch cá»¡ tÃ¹y chá»n 8mm phong cÃ¡ch vintage thá»i trang cho nam/ ná»¯,â‚«22.500 - â‚«26.000,None,Phá»¥ Kiá»‡n & Trang Sá»©c Ná»¯/Nháº«n,"4,2k",None,4.7,"5 Sao (1,1k)",4 Sao (110),3 Sao (52),2 Sao (20),1 Sao (35),"1,3k",CÃ³ BÃ¬nh luáº­n (459),CÃ³ hÃ¬nh áº£nh / video (291)
65,Phá»¥ kiá»‡n vÃ²ng cá»• máº·t hoa nhá» xinh pastelğŸ˜ğŸŒ¸,â‚«23.000 - â‚«35.000,None,Phá»¥ Kiá»‡n & Trang Sá»©c Ná»¯/DÃ¢y chuyá»n,274,757,5.0,5 Sao (71),4 Sao (0),3 Sao (0),2 Sao (0),1 Sao (0),71,CÃ³ BÃ¬nh luáº­n (26),CÃ³ hÃ¬nh áº£nh / video (25)
66,DÃ¢y Chuyá»n Cá» 4 LÃ¡ 2 Máº·t Tráº¯ng Äen Titan Ko Äen TT 0349,â‚«94.080,None,Phá»¥ Kiá»‡n & Trang Sá»©c Ná»¯/DÃ¢y chuyá»n,117,18,5.0,5 Sao (41),4 Sao (1),3 Sao (0),2 Sao (0),1 Sao (0),42,CÃ³ BÃ¬nh luáº­n (19),CÃ³ hÃ¬nh áº£nh / video (17)
67,DÃ¢y chuyá»n bÆ°Æ¡m bÆ°á»›m báº¡c ná»¯ vÃ²ng cá»• thá»i trang,â‚«19.900,None,Phá»¥ Kiá»‡n & Trang Sá»©c Ná»¯/DÃ¢y chuyá»n,"1,1k",471,4.9,5 Sao (382),4 Sao (7),3 Sao (4),2 Sao (3),1 Sao (2),398,CÃ³ BÃ¬nh luáº­n (157),CÃ³ hÃ¬nh áº£nh / video (141)
68, VÃ²ng cá»• máº·t hÃ¬nh phong cÃ¡ch Tokyo Revengers thá»i trang punk cá»• Ä‘iá»ƒn cho nam ná»¯,â‚«23.700,None,Phá»¥ Kiá»‡n & Trang Sá»©c Ná»¯/DÃ¢y chuyá»n,731,26598,4.8,5 Sao (247),4 Sao (11),3 Sao (10),2 Sao (4),1 Sao (6),278,CÃ³ BÃ¬nh luáº­n (147),CÃ³ hÃ¬nh áº£nh / video (107)
69,VÃ²ng cá»• MAYEBE LAVEND ThÃ©p Titan Máº·t Tam GiÃ¡c Phong CÃ¡ch Hip Hop HÃ n Quá»‘c CÃ¡ TÃ­nh,â‚«10.000 - â‚«30.000,MAYEBE LAVEND,Phá»¥ Kiá»‡n & Trang Sá»©c Ná»¯/DÃ¢y chuyá»n,"4,5k",19845,4.9,"5 Sao (1,9k)",4 Sao (55),3 Sao (14),2 Sao (1),1 Sao (10),2k,CÃ³ BÃ¬nh luáº­n (867),CÃ³ hÃ¬nh áº£nh / video (800)
70,Nháº«n thÃ©p titan 4mm thiáº¿t káº¿ Ä‘Æ¡n giáº£n thá»i trang cho nam vÃ  ná»¯,â‚«11.600 - â‚«13.600,None,Phá»¥ Kiá»‡n & Trang Sá»©c Ná»¯/Nháº«n,"1,8k",25895,4.8,5 Sao (1k),4 Sao (60),3 Sao (42),2 Sao (12),1 Sao (34),414,CÃ³ BÃ¬nh luáº­n (957),CÃ³ hÃ¬nh áº£nh / video (703)
71,DÃ¢y Chuyá»n Máº·t TrÃ¡i Tim Phong CÃ¡ch Retro Thá»i Trang,â‚«14.000,None,Phá»¥ Kiá»‡n & Trang Sá»©c Ná»¯/DÃ¢y chuyá»n,"1,3k",49804,5.0,5 Sao (521),4 Sao (9),3 Sao (3),2 Sao (0),1 Sao (0),533,CÃ³ BÃ¬nh luáº­n (331),CÃ³ hÃ¬nh áº£nh / video (318)
72,Nháº«n nam xi tráº¯ng báº¡ch kim Ä‘Ã­nh Ä‘Ã¡ sang trá»ng NN02,â‚«105.000,None,Thá»i Trang Nam/Trang Sá»©c Nam/Nháº«n,"1,9k",43,4.8,5 Sao (0),4 Sao (0),3 Sao (0),2 Sao (0),1 Sao (0),677,CÃ³ BÃ¬nh luáº­n (0),CÃ³ hÃ¬nh áº£nh / video (0)
73,DÃ¢y chuyá»n báº¡c ná»¯ Ä‘Ã­nh Ä‘Ã¡ DB2426 cao cáº¥p Trang sá»©c Báº£o Ngá»c Jewelry,â‚«171.000,Báº£o Ngá»c Jewelry,Phá»¥ Kiá»‡n & Trang Sá»©c Ná»¯/DÃ¢y chuyá»n,361,47,4.9,5 Sao (0),4 Sao (0),3 Sao (0),2 Sao (0),1 Sao (0),167,CÃ³ BÃ¬nh luáº­n (0),CÃ³ hÃ¬nh áº£nh / video (0)
74,DÃ¢y Chuyá»n trÆ¡n VÃ²ng cá»• ná»¯ máº¡ vÃ ng 18k há»£p kim khÃ´ng rá»‰ V003 Namoo Jewelry,â‚«24.000,None,Phá»¥ Kiá»‡n & Trang Sá»©c Ná»¯/DÃ¢y chuyá»n,470,579,4.8,5 Sao (127),4 Sao (4),3 Sao (0),2 Sao (1),1 Sao (4),136,CÃ³ BÃ¬nh luáº­n (51),CÃ³ hÃ¬nh áº£nh / video (34)
75,DÃ¢y chuyá»n cÃ³ máº·t hÃ¬nh trá»¥ chá»¯ nháº­t chÃ©o Ä‘á»™c Ä‘Ã¡o báº±ng thÃ©p khÃ´ng gá»‰ thá»i trang cho nam,â‚«18.199,None,Thá»i Trang Nam/Trang Sá»©c Nam/DÃ¢y chuyá»n,693,9255,4.8,5 Sao (227),4 Sao (9),3 Sao (5),2 Sao (1),1 Sao (10),252,CÃ³ BÃ¬nh luáº­n (101),CÃ³ hÃ¬nh áº£nh / video (89)
76,Nháº«n ThÃ©p titan trÆ¡n nam ná»¯ vá»›t cáº¡nh cÃ¡ tÃ­nh khÃ´ng gá»‰ siÃªu bá»n MBF18,â‚«8.600 - â‚«9.600,None,Phá»¥ Kiá»‡n & Trang Sá»©c Ná»¯/Nháº«n,"18,7k",798,4.8,"5 Sao (3,8k)",4 Sao (197),3 Sao (96),2 Sao (14),1 Sao (54),"4,2k","CÃ³ BÃ¬nh luáº­n (1,2k)",CÃ³ hÃ¬nh áº£nh / video (902)
77,DÃ¢y Chuyá»n Báº¡c Ta S925 CaoBac Silver Máº·t HÃ¬nh Khá»‘i Láº­p PhÆ°Æ¡ng DÃ nh Cho Ná»¯,â‚«139.000 - â‚«229.000,Caobac Silver,Phá»¥ Kiá»‡n & Trang Sá»©c Ná»¯/DÃ¢y chuyá»n,318,151,4.9,5 Sao (151),4 Sao (10),3 Sao (3),2 Sao (1),1 Sao (1),166,CÃ³ BÃ¬nh luáº­n (116),CÃ³ hÃ¬nh áº£nh / video (104)
78,VÃ²ng Tay / VÃ²ng cá»• ÄÃ­nh ÄÃ¡ Xanh DÆ°Æ¡ng Xinh Xáº¯n Phong CÃ¡ch HÃ n Quá»‘c Cho Ná»¯,â‚«4.986,None,Phá»¥ Kiá»‡n & Trang Sá»©c Ná»¯/DÃ¢y chuyá»n,693,29001,4.7,5 Sao (148),4 Sao (18),3 Sao (5),2 Sao (3),1 Sao (3),177,CÃ³ BÃ¬nh luáº­n (98),CÃ³ hÃ¬nh áº£nh / video (70)
79,DÃ¢y Chuyá»n Há»a Tiáº¿t 12 Cung HoÃ ng Äáº¡o Cháº¥t Liá»‡u ThÃ©p Titan KhÃ´ng Gá»‰,â‚«30.801,None,Phá»¥ Kiá»‡n & Trang Sá»©c Ná»¯/DÃ¢y chuyá»n,414,107549,4.9,5 Sao (125),4 Sao (4),3 Sao (4),2 Sao (0),1 Sao (1),134,CÃ³ BÃ¬nh luáº­n (61),CÃ³ hÃ¬nh áº£nh / video (50)
80,Nháº«n 5040 Báº±ng ThÃ©p KhÃ´ng Gá»‰ MÃ u Äen 8mm In Há»a Tiáº¿t Äa Dáº¡ng SÃ¡ng Táº¡o,â‚«8.360 - â‚«15.200,None,Phá»¥ Kiá»‡n & Trang Sá»©c Ná»¯/Nháº«n,"7,1k",136683,4.8,"5 Sao (1,6k)",4 Sao (101),3 Sao (49),2 Sao (13),1 Sao (30),"1,8k",CÃ³ BÃ¬nh luáº­n (818),CÃ³ hÃ¬nh áº£nh / video (571)
81,LOáº I Äáº¸P VÃ²ng cá»• Oval 2 lá»›p ngá»c trai nhÃ¢n táº¡o sang Ä‘áº¹p VC118,â‚«38.500,None,Phá»¥ Kiá»‡n & Trang Sá»©c Ná»¯/DÃ¢y chuyá»n,745,0,4.9,5 Sao (216),4 Sao (7),3 Sao (0),2 Sao (1),1 Sao (2),226,CÃ³ BÃ¬nh luáº­n (71),CÃ³ hÃ¬nh áº£nh / video (66)
82,flowersqueen Nháº«n kim loáº¡i kháº¯c há»a tiáº¿t Naruto thá»i trang cho nam,â‚«9.000 - â‚«10.000,None,Thá»i Trang Nam/Trang Sá»©c Nam/Nháº«n,977,179958,4.8,5 Sao (283),4 Sao (11),3 Sao (8),2 Sao (4),1 Sao (4),310,CÃ³ BÃ¬nh luáº­n (170),CÃ³ hÃ¬nh áº£nh / video (139)
83, Nháº«n nhá»±a acrylic há»a tiáº¿t hoa phong cÃ¡ch HÃ n Quá»‘c thá»i trang cá»¡ 17mm,â‚«12.000,None,Phá»¥ Kiá»‡n & Trang Sá»©c Ná»¯/Nháº«n,"1,3k",52713,4.9,5 Sao (321),4 Sao (10),3 Sao (6),2 Sao (1),1 Sao (1),339,CÃ³ BÃ¬nh luáº­n (180),CÃ³ hÃ¬nh áº£nh / video (177)
84,DÃ¢y chuyá»n dáº¹t máº¡ vÃ ng 18k - VÃ²ng cá»• vÃ ng ITALY,â‚«39.000,None,Phá»¥ Kiá»‡n & Trang Sá»©c Ná»¯/DÃ¢y chuyá»n,331,88629,4.2,5 Sao (50),4 Sao (3),3 Sao (5),2 Sao (4),1 Sao (8),70,CÃ³ BÃ¬nh luáº­n (24),CÃ³ hÃ¬nh áº£nh / video (7)
85,Tá»•ng há»£p cÃ¡c máº«u dÃ¢y chuyá»n phong cÃ¡ch Bohemian handmade Ä‘á»™c Ä‘Ã¡o trang sá»©c Boho,â‚«24.000 - â‚«36.000,None,Phá»¥ Kiá»‡n & Trang Sá»©c Ná»¯/DÃ¢y chuyá»n,283,9,4.8,5 Sao (58),4 Sao (2),3 Sao (0),2 Sao (0),1 Sao (2),62,CÃ³ BÃ¬nh luáº­n (31),CÃ³ hÃ¬nh áº£nh / video (27)
86,Prada VÃ²ng cá»• Máº·t Tam GiÃ¡c Báº±ng ThÃ©p KhÃ´ng Gá»‰,â‚«31.500,None,Phá»¥ Kiá»‡n & Trang Sá»©c Ná»¯/DÃ¢y chuyá»n,807,5158,5.0,5 Sao (146),4 Sao (0),3 Sao (0),2 Sao (0),1 Sao (0),146,CÃ³ BÃ¬nh luáº­n (79),CÃ³ hÃ¬nh áº£nh / video (70)
87,Nháº«n mÄƒt trÃ²n vá»«a (nháº«n signet kháº¯c máº·t theo yÃªu cáº§u) CÃ³ sáºµn má»™t sá»‘ size,â‚«264.000,None,Phá»¥ Kiá»‡n & Trang Sá»©c Ná»¯/Nháº«n,157,1,4.9,5 Sao (71),4 Sao (0),3 Sao (1),2 Sao (0),1 Sao (2),74,CÃ³ BÃ¬nh luáº­n (50),CÃ³ hÃ¬nh áº£nh / video (43)
88,DÃ¢y chuyá»n ná»¯ kim cÆ°Æ¡ng nhÃ¢n táº¡o trang sá»©c vÃ²ng cá»•,â‚«25.800,None,Phá»¥ Kiá»‡n & Trang Sá»©c Ná»¯/DÃ¢y chuyá»n,463,232,4.8,5 Sao (138),4 Sao (4),3 Sao (6),2 Sao (1),1 Sao (2),151,CÃ³ BÃ¬nh luáº­n (42),CÃ³ hÃ¬nh áº£nh / video (39)
89,VÃ²ng cá»• ná»¯ ngá»c trai nhÃ¢n táº¡o sang trá»ng - dÃ¢y chuyá»n 2 táº§ng necklace phong cÃ¡ch HÃ n Quá»‘c phá»¥ kiá»‡n Hades.js,â‚«10.000 - â‚«15.000,None,Phá»¥ Kiá»‡n & Trang Sá»©c Ná»¯/DÃ¢y chuyá»n,818,56,4.9,5 Sao (183),4 Sao (7),3 Sao (4),2 Sao (2),1 Sao (1),197,CÃ³ BÃ¬nh luáº­n (84),CÃ³ hÃ¬nh áº£nh / video (85)
90,DÃ¢y chuyá»n vÃ²ng 2 trÃ¡i tim káº¿t há»£p tÃ¬nh yÃªu,â‚«14.999,None,Phá»¥ Kiá»‡n & Trang Sá»©c Ná»¯/DÃ¢y chuyá»n,2k,489,4.9,5 Sao (698),4 Sao (12),3 Sao (5),2 Sao (2),1 Sao (4),721,CÃ³ BÃ¬nh luáº­n (226),CÃ³ hÃ¬nh áº£nh / video (209)
91,DÃ¢y chuyá»n thÃ©p titan máº·t nháº«n/hÃ¬nh trÃ²n thá»i trang punk Ä‘Æ°á»ng phá»‘ cÃ¡ tÃ­nh cho nam ná»¯,â‚«13.000,None,Phá»¥ Kiá»‡n & Trang Sá»©c Ná»¯/DÃ¢y chuyá»n,846,2744,4.9,5 Sao (307),4 Sao (6),3 Sao (2),2 Sao (1),1 Sao (2),318,CÃ³ BÃ¬nh luáº­n (140),CÃ³ hÃ¬nh áº£nh / video (133)
92,DÃ¢y chuyá»n ná»¯ bá»t biá»ƒn TOBI STORE vÃ²ng cá»• xÃ­ch sá»£i nhá» máº·t trÃ²n Ä‘Ã­nh Ä‘Ã¡ TB85,â‚«23.200,None,Phá»¥ Kiá»‡n & Trang Sá»©c Ná»¯/DÃ¢y chuyá»n,915,3,4.9,5 Sao (311),4 Sao (3),3 Sao (5),2 Sao (0),1 Sao (1),320,CÃ³ BÃ¬nh luáº­n (108),CÃ³ hÃ¬nh áº£nh / video (104)
93,"suxinjewelry/Nháº«n xoay thÃ©p titan nam vÃ  ná»¯,phong cÃ¡ch Pháº­t giÃ¡o",â‚«23.630,None,Phá»¥ Kiá»‡n & Trang Sá»©c Ná»¯/Nháº«n,222,19507,4.7,5 Sao (62),4 Sao (2),3 Sao (3),2 Sao (1),1 Sao (3),71,CÃ³ BÃ¬nh luáº­n (39),CÃ³ hÃ¬nh áº£nh / video (26)
94,"DÃ¢y Chuyá»n Nam CÃ¡ TÃ­nh, VÃ²ng Cá»• Nam Titan Hiphop SiÃªu Ngáº§u Nhiá»u Lá»±a Chá»n - Bim's House",â‚«13.000 - â‚«39.000,None,Thá»i Trang Nam/Trang Sá»©c Nam/DÃ¢y chuyá»n,613,1036,4.8,5 Sao (171),4 Sao (8),3 Sao (4),2 Sao (0),1 Sao (5),188,CÃ³ BÃ¬nh luáº­n (66),CÃ³ hÃ¬nh áº£nh / video (44)
95,VÃ²ng cá»• máº·t hÃ¬nh máº¯t quá»· Thá»• NhÄ© Ká»³ cáº§u may máº¯n vÃ  báº£o vá»‡,â‚«13.800,None,Phá»¥ Kiá»‡n & Trang Sá»©c Ná»¯/DÃ¢y chuyá»n,721,372,4.8,5 Sao (236),4 Sao (15),3 Sao (4),2 Sao (3),1 Sao (6),264,CÃ³ BÃ¬nh luáº­n (184),CÃ³ hÃ¬nh áº£nh / video (165)
96,DÃ¢y chuyá»n ná»¯ máº·t Ä‘Ã­nh Ä‘Ã¡ thá»i trang,â‚«24.999,None,Phá»¥ Kiá»‡n & Trang Sá»©c Ná»¯/DÃ¢y chuyá»n,662,454,4.9,5 Sao (215),4 Sao (3),3 Sao (2),2 Sao (0),1 Sao (4),224,CÃ³ BÃ¬nh luáº­n (64),CÃ³ hÃ¬nh áº£nh / video (62)
97,"nháº«n len handmade tai thá», cÃ  rá»‘t..",â‚«10.000 - â‚«15.000,None,Phá»¥ Kiá»‡n & Trang Sá»©c Ná»¯/Nháº«n,"2,6k",956,5.0,5 Sao (403),4 Sao (7),3 Sao (1),2 Sao (0),1 Sao (2),410,CÃ³ BÃ¬nh luáº­n (233),CÃ³ hÃ¬nh áº£nh / video (204)
98,Nháº«n kiá»ƒu há»Ÿ cÃ³ thá»ƒ Ä‘iá»u chá»‰nh hÃ¬nh ráº¯n cÃ¡ tÃ­nh Ä‘á»™c Ä‘Ã¡o dÃ nh cho cáº·p Ä‘Ã´i ,â‚«10.000,None,Phá»¥ Kiá»‡n & Trang Sá»©c Ná»¯/Nháº«n,614,12197,4.9,5 Sao (207),4 Sao (6),3 Sao (2),2 Sao (1),1 Sao (4),220,CÃ³ BÃ¬nh luáº­n (98),CÃ³ hÃ¬nh áº£nh / video (88)
99,DÃ¢y chuyá»n báº¡c ná»¯ máº·t trÄƒng khuyáº¿t Ä‘Ã­nh Ä‘Ã¡ cháº¥t liá»‡u ná»¯ báº¡c 925 thá»i trang phá»¥ kiá»‡n trang sá»©c Viá»…n ChÃ­ Báº£o D400338,â‚«152.000,Viá»…n ChÃ­ Báº£o,Phá»¥ Kiá»‡n & Trang Sá»©c Ná»¯/DÃ¢y chuyá»n,418,8713,4.9,5 Sao (157),4 Sao (9),3 Sao (4),2 Sao (0),1 Sao (2),172,CÃ³ BÃ¬nh luáº­n (105),CÃ³ hÃ¬nh áº£nh / video (97)
100,DÃ¢y Chuyá»n Phong CÃ¡ch Hip Hop CÃ¡ TÃ­nh Cho Nam (CÃ³ BÃ¡n Láº» Sá»£i DÃ¢y Äeo),â‚«3.900 - â‚«11.000,None,Thá»i Trang Nam/Trang Sá»©c Nam/DÃ¢y chuyá»n,"9,7k",95782,4.9,"5 Sao (3,1k)",4 Sao (123),3 Sao (48),2 Sao (10),1 Sao (14),"3,2k","CÃ³ BÃ¬nh luáº­n (1,8k)","CÃ³ hÃ¬nh áº£nh / video (1,4k)"
101,DÃ¢y chuyá»n báº¡c 925 máº«u trÆ¡n báº¡c chuáº©n giÃ¡ ráº»/ Trang sá»©c Bibi báº£o hÃ nh cháº¥t lÆ°á»£ng,â‚«69.900,None,Phá»¥ Kiá»‡n & Trang Sá»©c Ná»¯/DÃ¢y chuyá»n,900,443,4.9,5 Sao (297),4 Sao (11),3 Sao (3),2 Sao (2),1 Sao (2),315,CÃ³ BÃ¬nh luáº­n (175),CÃ³ hÃ¬nh áº£nh / video (148)
102, Nháº«n MÃ u Báº¡c Thá»i Trang CÃ¡ TÃ­nh Cho Nam VÃ  Ná»¯,â‚«8.000,None,Phá»¥ Kiá»‡n & Trang Sá»©c Ná»¯/Nháº«n,"1,4k",6103,4.8,5 Sao (412),4 Sao (25),3 Sao (12),2 Sao (6),1 Sao (11),466,CÃ³ BÃ¬nh luáº­n (213),CÃ³ hÃ¬nh áº£nh / video (172)
103,DÃ¢y chuyá»n ná»¯ HÃ n Quá»‘c báº¡c Ã½ S925 HÃ¬nh Thoi ÄÃ­nh ÄÃ¡ - DB1586 Báº£o Ngá»c Jewelry,â‚«144.000,Báº£o Ngá»c Jewelry,Phá»¥ Kiá»‡n & Trang Sá»©c Ná»¯/DÃ¢y chuyá»n,652,29,4.9,5 Sao (121),4 Sao (7),3 Sao (2),2 Sao (0),1 Sao (1),131,CÃ³ BÃ¬nh luáº­n (83),CÃ³ hÃ¬nh áº£nh / video (72)
104,"DÃ¢y Chuyá»n Cá» 4 LÃ¡ Ná»¯, VÃ²ng Cá»• Máº¡ VÃ ng 18k Cá»±c Bá»n Äáº¹p V556 Namoo Jewelry",â‚«29.000 - â‚«66.000,None,Phá»¥ Kiá»‡n & Trang Sá»©c Ná»¯/DÃ¢y chuyá»n,476,4767,4.9,5 Sao (190),4 Sao (3),3 Sao (4),2 Sao (2),1 Sao (1),200,CÃ³ BÃ¬nh luáº­n (96),CÃ³ hÃ¬nh áº£nh / video (76)
105,VÃ²ng cá»• TiÃªu hoa thiÃªn cá»‘t dÃ¢y chuyá»n phá»¥ kiá»‡n trang sá»©c nam ná»¯ phong cÃ¡ch cá»• trang Trung quá»‘c cá»• Ä‘áº¡i,â‚«15.000 - â‚«17.500,None,Phá»¥ Kiá»‡n & Trang Sá»©c Ná»¯/DÃ¢y chuyá»n,341,44,4.8,5 Sao (134),4 Sao (9),3 Sao (6),2 Sao (2),1 Sao (1),152,CÃ³ BÃ¬nh luáº­n (66),CÃ³ hÃ¬nh áº£nh / video (18)
106,Nháº«n trÆ¡n nam cao cáº¥p titan máº¡ báº¡c Ä‘en xanh mÃ u chuyá»ƒn giÃ¡ ráº» bá»n Ä‘áº¹p size 10 11 12 13,â‚«6.000 - â‚«16.000,None,Thá»i Trang Nam/Trang Sá»©c Nam/Nháº«n,923,387,4.9,5 Sao (197),4 Sao (15),3 Sao (3),2 Sao (1),1 Sao (2),218,CÃ³ BÃ¬nh luáº­n (80),CÃ³ hÃ¬nh áº£nh / video (50)
107,"Nháº«n kim tiá»n Ä‘Ã­nh Ä‘Ã¡, nháº«n máº£nh ná»¯ Orin N691",â‚«15.000 - â‚«19.000,None,Phá»¥ Kiá»‡n & Trang Sá»©c Ná»¯/Nháº«n,286,2663,4.8,5 Sao (75),4 Sao (2),3 Sao (2),2 Sao (1),1 Sao (1),81,CÃ³ BÃ¬nh luáº­n (33),CÃ³ hÃ¬nh áº£nh / video (23)
108,Há»™p nháº«n ná»¯ thá»i trang máº¡ báº¡c khÃ´ng phai mÃ u phong cÃ¡ch HÃ n Quá»‘c nhiá»u máº«u tÃ¹y chá»n cho ná»¯ (bÃ¡n theo há»™p vÃ  tÃ¡ch set),â‚«18.000 - â‚«55.000,None,Phá»¥ Kiá»‡n & Trang Sá»©c Ná»¯/Nháº«n,5,1250,5.0,5 Sao (2),4 Sao (0),3 Sao (0),2 Sao (0),1 Sao (0),2,CÃ³ BÃ¬nh luáº­n (0),CÃ³ hÃ¬nh áº£nh / video (0)
109,DÃ¢y Chuyá»n Binz ChÃ¢u BÃ¹i Choker Layer ThÃ¡nh GiÃ¡ - ThÃ©p Titan KHÃ”NG Rá»ˆ,â‚«133.000,None,Phá»¥ Kiá»‡n & Trang Sá»©c Ná»¯/DÃ¢y chuyá»n,264,21,4.9,5 Sao (79),4 Sao (3),3 Sao (1),2 Sao (0),1 Sao (0),83,CÃ³ BÃ¬nh luáº­n (32),CÃ³ hÃ¬nh áº£nh / video (27)
110,DÃ¢y chuyá»n ná»¯ báº¡c 925 AROCH Jewelry máº·t Ä‘Ã¡ tráº¯ng sang trá»ng A057,â‚«149.000,AROCH JEWELRY,Phá»¥ Kiá»‡n & Trang Sá»©c Ná»¯/DÃ¢y chuyá»n,"2,6k",958,4.9,"5 Sao (1,3k)",4 Sao (39),3 Sao (12),2 Sao (11),1 Sao (4),"1,3k",CÃ³ BÃ¬nh luáº­n (815),CÃ³ hÃ¬nh áº£nh / video (732)
111,Nháº©n nam Ä‘Ã­nh Ä‘Ã¡ máº¡ báº¡ch kim,â‚«69.000,None,Thá»i Trang Nam/Trang Sá»©c Nam/Nháº«n,297,171,4.8,5 Sao (92),4 Sao (5),3 Sao (1),2 Sao (0),1 Sao (2),100,CÃ³ BÃ¬nh luáº­n (46),CÃ³ hÃ¬nh áº£nh / video (29)
112,DÃ¢y chuyá»n hÃ¬nh chá»¯ tháº­p phong cÃ¡ch,â‚«15.400,None,Phá»¥ Kiá»‡n & Trang Sá»©c Ná»¯/DÃ¢y chuyá»n,"1,2k",92,5.0,5 Sao (0),4 Sao (0),3 Sao (0),2 Sao (0),1 Sao (0),478,CÃ³ BÃ¬nh luáº­n (0),CÃ³ hÃ¬nh áº£nh / video (0)
113,DÃ¢y chuyá»n Ä‘á»±ng áº£nh nháº­n in theo yÃªu cáº§u,â‚«16.000 - â‚«20.000,None,Phá»¥ Kiá»‡n & Trang Sá»©c Ná»¯/DÃ¢y chuyá»n,263,4852,4.7,5 Sao (66),4 Sao (12),3 Sao (4),2 Sao (0),1 Sao (1),83,CÃ³ BÃ¬nh luáº­n (64),CÃ³ hÃ¬nh áº£nh / video (54)
114,DÃ¢y chuyá»n thÃ©p titan khÃ´ng gá»‰ phong cÃ¡ch thá»i trang hiphop cÃ¡ tÃ­nh cho nam,â‚«7.500 - â‚«36.000,None,Phá»¥ Kiá»‡n & Trang Sá»©c Ná»¯/DÃ¢y chuyá»n,313,299708,4.7,5 Sao (62),4 Sao (0),3 Sao (4),2 Sao (1),1 Sao (2),69,CÃ³ BÃ¬nh luáº­n (41),CÃ³ hÃ¬nh áº£nh / video (30)
115,Nháº«n cháº¡m kháº¯c rá»“ng cá»• Ä‘iá»ƒn thiáº¿t káº¿ phÃ¡t sÃ¡ng áº¥n tÆ°á»£ng máº¡nh máº½ cho phÃ¡i nam,â‚«18.658 - â‚«18.958,None,Thá»i Trang Nam/Trang Sá»©c Nam/Nháº«n,215,1765,4.6,5 Sao (0),4 Sao (0),3 Sao (0),2 Sao (0),1 Sao (0),67,CÃ³ BÃ¬nh luáº­n (0),CÃ³ hÃ¬nh áº£nh / video (0)
116,DÃ¢y chuyá»n ná»¯ báº¡c Ä‘áº¹p liá»n máº·t hÃ¬nh thiÃªn nga thá»i trang tráº» trung - Trang sá»©c báº¡c Bibi,â‚«135.800,None,Phá»¥ Kiá»‡n & Trang Sá»©c Ná»¯/DÃ¢y chuyá»n,616,9762,4.9,5 Sao (239),4 Sao (5),3 Sao (1),2 Sao (1),1 Sao (6),252,CÃ³ BÃ¬nh luáº­n (154),CÃ³ hÃ¬nh áº£nh / video (136)
117,DÃ¢y Chuyá»n Há»£p Kim MÃ u Báº¡c Máº·t Äá»™c ÄÃ¡o Thá»i Trang Cho Nam VÃ  Ná»¯,â‚«22.000,None,Phá»¥ Kiá»‡n & Trang Sá»©c Ná»¯/DÃ¢y chuyá»n,"1,3k",10686,4.8,5 Sao (394),4 Sao (19),3 Sao (12),2 Sao (7),1 Sao (7),439,CÃ³ BÃ¬nh luáº­n (217),CÃ³ hÃ¬nh áº£nh / video (171)
118,Nháº«n Xoay 360 Ä‘á»™ - Nháº«n BÃ¡t NhÃ£ TÃ¢m Kinh,â‚«10.000,None,Phá»¥ Kiá»‡n & Trang Sá»©c Ná»¯/Nháº«n,408,550,4.8,5 Sao (35),4 Sao (1),3 Sao (1),2 Sao (0),1 Sao (1),38,CÃ³ BÃ¬nh luáº­n (18),CÃ³ hÃ¬nh áº£nh / video (10)
119,DÃ¢y chuyá»n ná»¯ Madeline V48 kiá»ƒu má»›i máº·t trÄƒng Ä‘Ã´i cÃ¡nh thiÃªn tháº§n Ä‘Ã­nh Ä‘Ã¡ tuyá»‡t Ä‘áº¹p,â‚«13.900,None,Phá»¥ Kiá»‡n & Trang Sá»©c Ná»¯/DÃ¢y chuyá»n,"1,8k",183,4.9,5 Sao (573),4 Sao (22),3 Sao (9),2 Sao (0),1 Sao (3),607,CÃ³ BÃ¬nh luáº­n (243),CÃ³ hÃ¬nh áº£nh / video (218)
120,{FCC}VÃ²ng cá»• choker phá»‘i Ä‘inh tÃ¡n gai kiá»ƒu goth{OuRui.vn},â‚«20.600 - â‚«20.800,None,Phá»¥ Kiá»‡n & Trang Sá»©c Ná»¯/DÃ¢y chuyá»n,"1,3k",None,4.9,5 Sao (376),4 Sao (21),3 Sao (6),2 Sao (0),1 Sao (2),405,CÃ³ BÃ¬nh luáº­n (222),CÃ³ hÃ¬nh áº£nh / video (197)
121,"Phá»¥ Kiá»‡n DÃ¢y Chuyá»n, VÃ²ng Cá»• Titan Chuá»‘i Háº¡t TrÃ²n 60CM - Bim's House",â‚«13.000,None,Thá»i Trang Nam/Trang Sá»©c Nam/DÃ¢y chuyá»n,270,146,4.9,5 Sao (103),4 Sao (3),3 Sao (3),2 Sao (0),1 Sao (1),110,CÃ³ BÃ¬nh luáº­n (18),CÃ³ hÃ¬nh áº£nh / video (16)
122,"DÃ¢y chuyá»n vÆ°Æ¡ng miá»‡n, VÃ²ng cá»• ná»¯ Báº¡c gáº¯n Ä‘Ã¡ cao cáº¥p -ğ‚ğšğ¦ ğ¤ğÌ‚Ìğ­ ğœğ¡ğ®ğšÌ‚Ì‰ğ§ ğğšÌ£ğœ _TUNA SILVER Trang sá»©c Báº¡c",â‚«157.000,None,Phá»¥ Kiá»‡n & Trang Sá»©c Ná»¯/DÃ¢y chuyá»n,202,86,4.9,5 Sao (85),4 Sao (3),3 Sao (2),2 Sao (0),1 Sao (0),90,CÃ³ BÃ¬nh luáº­n (71),CÃ³ hÃ¬nh áº£nh / video (67)
123,DÃ¢y chuyá»n báº¡c ATJ6545M thiáº¿t káº¿ Ä‘Ã­nh Ä‘Ã¡ máº·t trÃ²n xu hÆ°á»›ng Trend 6 tráº¥u - ANTA Jewelry,â‚«339.000,ANTA Jewelry,Phá»¥ Kiá»‡n & Trang Sá»©c Ná»¯/DÃ¢y chuyá»n,705,1861,4.9,5 Sao (335),4 Sao (5),3 Sao (3),2 Sao (0),1 Sao (3),346,CÃ³ BÃ¬nh luáº­n (283),CÃ³ hÃ¬nh áº£nh / video (140)
124,DÃ¢y Chuyá»n Há»“ Ly Ä‘Ã¡ ÄÃ o Hoa (Rhodochrosite) HLDHMCC1 Gypsy.lala,â‚«648.000 - â‚«1.161.000,Gypsy.lala,Phá»¥ Kiá»‡n & Trang Sá»©c Ná»¯/DÃ¢y chuyá»n,237,29,4.9,5 Sao (88),4 Sao (2),3 Sao (0),2 Sao (0),1 Sao (1),91,CÃ³ BÃ¬nh luáº­n (55),CÃ³ hÃ¬nh áº£nh / video (49)
125,"DÃ¢y chuyá»n ná»¯ Madeline V5 máº·t hÃ¬nh thÃ¡nh giÃ¡ káº¿t há»£p há»a tiáº¿t bÆ°á»›m cá»±c Ä‘áº¹p, phong cÃ¡ch HÃ n Quá»‘c cá»• Ä‘iá»ƒn",â‚«7.000 - â‚«13.000,None,Phá»¥ Kiá»‡n & Trang Sá»©c Ná»¯/DÃ¢y chuyá»n,"1,2k",899,5.0,5 Sao (440),4 Sao (9),3 Sao (1),2 Sao (1),1 Sao (0),451,CÃ³ BÃ¬nh luáº­n (179),CÃ³ hÃ¬nh áº£nh / video (152)
126,"combo 10 cáº·p bÃ´ng tua rua dÃ¹ng Ä‘á»ƒ há»— trá»£ cá»• vÅ©, cá»• Ä‘á»™ng",â‚«109.000 - â‚«165.000,None,Phá»¥ Kiá»‡n & Trang Sá»©c Ná»¯/DÃ¢y chuyá»n,158,1106,4.7,5 Sao (26),4 Sao (5),3 Sao (2),2 Sao (0),1 Sao (0),33,CÃ³ BÃ¬nh luáº­n (17),CÃ³ hÃ¬nh áº£nh / video (13)
127,Nháº«n Phá»‘i Máº·t ThÃ¡nh GiÃ¡ Thá»i Trang DÃ nh Cho Nam VÃ  Ná»¯,â‚«6.000,None,Phá»¥ Kiá»‡n & Trang Sá»©c Ná»¯/Nháº«n,"1,4k",None,4.8,5 Sao (416),4 Sao (24),3 Sao (12),2 Sao (4),1 Sao (7),463,CÃ³ BÃ¬nh luáº­n (173),CÃ³ hÃ¬nh áº£nh / video (138)
128,Nháº«n nam titan khÃ´ng gá»‰ Eagle Ring Máº¯t CÃº MÃ¨o Asta Accessories Freesize MÃ u báº¡c thá»i trang - Eagle Ring nam ná»¯ Ä‘áº¹p,â‚«19.500,None,Phá»¥ Kiá»‡n & Trang Sá»©c Ná»¯/Nháº«n,"2,2k",1958,4.9,5 Sao (609),4 Sao (27),3 Sao (7),2 Sao (1),1 Sao (3),647,CÃ³ BÃ¬nh luáº­n (275),CÃ³ hÃ¬nh áº£nh / video (192)
129,DÃ¢y chuyá»n máº·t hÃ¬nh ngÃ´i sao phong cÃ¡ch hip hop cÃ¡ tÃ­nh thá»i trang cho cÃ¡c cáº·p Ä‘Ã´i,â‚«9.500,None,Phá»¥ Kiá»‡n & Trang Sá»©c Ná»¯/DÃ¢y chuyá»n,844,19450,4.8,5 Sao (0),4 Sao (0),3 Sao (0),2 Sao (0),1 Sao (0),296,CÃ³ BÃ¬nh luáº­n (0),CÃ³ hÃ¬nh áº£nh / video (0)
130,DÃ¢y chuyá»n ná»¯ nhá»‹p sÃ³ng trÃ¡i tim xu hÆ°á»›ng háº¡t chuá»—i,â‚«15.999,None,Phá»¥ Kiá»‡n & Trang Sá»©c Ná»¯/DÃ¢y chuyá»n,"1,8k",952,4.9,5 Sao (624),4 Sao (12),3 Sao (9),2 Sao (0),1 Sao (3),648,CÃ³ BÃ¬nh luáº­n (178),CÃ³ hÃ¬nh áº£nh / video (161)
131,DÃ¢y chuyá»n cáº·p Ä‘Ã´i máº·t inox vÃ²ng cáº§u vá»“ng kÃ©p cá» cá»™ng Ä‘á»“ng lgbt tá»± hÃ o tÃ¬nh yÃªu,â‚«48.738 - â‚«49.015,None,Phá»¥ Kiá»‡n & Trang Sá»©c Ná»¯/DÃ¢y chuyá»n,233,1848,4.8,5 Sao (0),4 Sao (0),3 Sao (0),2 Sao (0),1 Sao (0),83,CÃ³ BÃ¬nh luáº­n (0),CÃ³ hÃ¬nh áº£nh / video (0)
132,DÃ¢y chuyá»n chá»¯ W Ä‘Ã­nh Ä‘Ã¡ cho ná»¯ má»›i,â‚«17.999,None,Phá»¥ Kiá»‡n & Trang Sá»©c Ná»¯/DÃ¢y chuyá»n,655,39,4.9,5 Sao (213),4 Sao (4),3 Sao (5),2 Sao (1),1 Sao (1),224,CÃ³ BÃ¬nh luáº­n (84),CÃ³ hÃ¬nh áº£nh / video (78)
133,Nháº«n Resin HÃ¬nh áº¾ch Hoáº¡t HÃ¬nh Cho Nam Ná»¯,â‚«6.500,None,Phá»¥ Kiá»‡n & Trang Sá»©c Ná»¯/Nháº«n,715,360,4.8,5 Sao (91),4 Sao (5),3 Sao (1),2 Sao (1),1 Sao (2),100,CÃ³ BÃ¬nh luáº­n (41),CÃ³ hÃ¬nh áº£nh / video (33)
134,DÃ¢y chuyá»n máº·t thÃ¡nh giÃ¡ Ä‘Ã­nh Ä‘Ã¡ pha lÃª sang trá»ng cÃ¡ tÃ­nh,â‚«21.828,None,Phá»¥ Kiá»‡n & Trang Sá»©c Ná»¯/DÃ¢y chuyá»n,479,883,4.7,5 Sao (96),4 Sao (6),3 Sao (2),2 Sao (1),1 Sao (4),109,CÃ³ BÃ¬nh luáº­n (30),CÃ³ hÃ¬nh áº£nh / video (25)
135,Nháº«n Ná»¯ ThÃ©p KhÃ´ng Gá»‰ Dá»… Äiá»u Chá»‰nh Nhiá»u Kiá»ƒu DÃ¡ng TÃ¹y Chá»n,â‚«34.000,None,Phá»¥ Kiá»‡n & Trang Sá»©c Ná»¯/Nháº«n,444,99,4.9,5 Sao (136),4 Sao (2),3 Sao (1),2 Sao (0),1 Sao (1),140,CÃ³ BÃ¬nh luáº­n (73),CÃ³ hÃ¬nh áº£nh / video (68)
136,DÃ¢y chuyá»n thÃ©p titan phong cÃ¡ch hiphop,â‚«22.000,None,Phá»¥ Kiá»‡n & Trang Sá»©c Ná»¯/DÃ¢y chuyá»n,884,203,4.9,5 Sao (311),4 Sao (12),3 Sao (3),2 Sao (0),1 Sao (6),332,CÃ³ BÃ¬nh luáº­n (110),CÃ³ hÃ¬nh áº£nh / video (94)
137,"Nháº«n khui bia nam ná»¯, dÃ¢y xÃ­ch xoay, thá»i trang cÃ¡ tÃ­nh cá»±c ngáº§u [FULL SIZE, áº¢NH, VIDEO THáº¬T]",â‚«16.000,None,Phá»¥ Kiá»‡n & Trang Sá»©c Ná»¯/Nháº«n,884,25175,5.0,5 Sao (230),4 Sao (8),3 Sao (1),2 Sao (0),1 Sao (0),239,CÃ³ BÃ¬nh luáº­n (92),CÃ³ hÃ¬nh áº£nh / video (70)
138,"DÃ¢y chuyá»n, vÃ²ng cá»• ná»¯ ngá»c trai nhÃ¢n táº¡o hai lá»›p tiá»ƒu thÆ° sang cháº£nh Ä‘i tiá»‡c thá»i trang hÃ n quá»‘c",â‚«17.100 - â‚«24.600,None,Phá»¥ Kiá»‡n & Trang Sá»©c Ná»¯/DÃ¢y chuyá»n,960,20,5.0,5 Sao (379),4 Sao (5),3 Sao (1),2 Sao (0),1 Sao (1),386,CÃ³ BÃ¬nh luáº­n (254),CÃ³ hÃ¬nh áº£nh / video (229)
139,Nháº«n trang sá»©c há»£p kim thiáº¿t káº¿ punk thá»I trang nam hÃ¬nh rá»“ng us size 8 9 10 lÃ m quÃ  táº·ng cho cáº·p Ä‘Ã´i,â‚«13.500 - â‚«14.000,None,Phá»¥ Kiá»‡n & Trang Sá»©c Ná»¯/Nháº«n,266,29992,4.6,5 Sao (66),4 Sao (4),3 Sao (7),2 Sao (1),1 Sao (2),80,CÃ³ BÃ¬nh luáº­n (33),CÃ³ hÃ¬nh áº£nh / video (21)
140,DÃ¢y chuyá»n máº·t Ä‘á»“ng tiá»n treo dÃ i sá»£i nhá» vÃ²ng cá»•,â‚«13.999,None,Phá»¥ Kiá»‡n & Trang Sá»©c Ná»¯/DÃ¢y chuyá»n,637,241,5.0,5 Sao (0),4 Sao (0),3 Sao (0),2 Sao (0),1 Sao (0),248,CÃ³ BÃ¬nh luáº­n (0),CÃ³ hÃ¬nh áº£nh / video (0)
141,1 Nháº«n ThÃ©p Titan Kháº¯c Chá»¯ Tháº­p Cho Nam Ná»¯,â‚«5.500 - â‚«6.600,None,Phá»¥ Kiá»‡n & Trang Sá»©c Ná»¯/Nháº«n,"1,9k",29997,4.8,5 Sao (341),4 Sao (24),3 Sao (18),2 Sao (2),1 Sao (7),392,CÃ³ BÃ¬nh luáº­n (174),CÃ³ hÃ¬nh áº£nh / video (119)
142,DÃ¢y chuyá»n báº¡c ná»¯ Háº¡t chÃ¢u báº¡c 925 thá»i trang phá»¥ kiá»‡n trang sá»©c ná»¯ Viá»…n ChÃ­ Báº£o D400247x,â‚«133.000,Viá»…n ChÃ­ Báº£o,Phá»¥ Kiá»‡n & Trang Sá»©c Ná»¯/DÃ¢y chuyá»n,374,15631,5.0,5 Sao (163),4 Sao (6),3 Sao (1),2 Sao (1),1 Sao (0),171,CÃ³ BÃ¬nh luáº­n (117),CÃ³ hÃ¬nh áº£nh / video (108)
143,DÃ¢y chuyá»n hÃ¬nh trÃ¡i tim nhá» cho ná»¯,â‚«6.900 - â‚«7.400,None,Phá»¥ Kiá»‡n & Trang Sá»©c Ná»¯/DÃ¢y chuyá»n,"1,9k",236,4.9,5 Sao (560),4 Sao (15),3 Sao (6),2 Sao (0),1 Sao (3),584,CÃ³ BÃ¬nh luáº­n (244),CÃ³ hÃ¬nh áº£nh / video (221)
144,DÃ¢y chuyá»n máº·t chiáº¿u dÃ²ng chá»¯ I Love You 100 ngÃ´n ngá»¯ lÃ£ng máº¡n Ä‘á»™c Ä‘Ã¡o,â‚«132.000,None,Phá»¥ Kiá»‡n & Trang Sá»©c Ná»¯/DÃ¢y chuyá»n,"1,3k",495580,4.8,5 Sao (622),4 Sao (52),3 Sao (22),2 Sao (9),1 Sao (18),496,CÃ³ BÃ¬nh luáº­n (563),CÃ³ hÃ¬nh áº£nh / video (437)
145,Nháº«n hÃ¬nh rá»“ng phong cÃ¡ch gothic cho cáº£ nam vÃ  ná»¯,â‚«39.000,None,Phá»¥ Kiá»‡n & Trang Sá»©c Ná»¯/Nháº«n,196,937,4.8,5 Sao (50),4 Sao (4),3 Sao (1),2 Sao (0),1 Sao (2),57,CÃ³ BÃ¬nh luáº­n (12),CÃ³ hÃ¬nh áº£nh / video (10)
146,Nháº«n ná»¯ máº¡ báº¡c 925 Ä‘áº¹p cao cáº¥p Ä‘Ã­nh Ä‘Ã¡ sang trá»ng thiáº¿t káº¿ há»Ÿ dá»… Ä‘iá»u chá»‰nh free size CINLA N002,â‚«59.000,Cinla,Phá»¥ Kiá»‡n & Trang Sá»©c Ná»¯/Nháº«n,256,136,4.8,5 Sao (0),4 Sao (0),3 Sao (0),2 Sao (0),1 Sao (0),121,CÃ³ BÃ¬nh luáº­n (0),CÃ³ hÃ¬nh áº£nh / video (0)
147,Nháº«n khui bia xÃ­ch xoay dáº­p ná»•i cháº¥t liá»‡u titan Ä‘eo Ä‘Ã´i cáº·p nam ná»¯ tÃ¬nh yÃªu,â‚«11.900,None,Phá»¥ Kiá»‡n & Trang Sá»©c Ná»¯/Nháº«n,925,287,4.8,5 Sao (278),4 Sao (24),3 Sao (5),2 Sao (4),1 Sao (6),317,CÃ³ BÃ¬nh luáº­n (115),CÃ³ hÃ¬nh áº£nh / video (67)
148,Nháº«n báº¡c 21 Centimeters Simple Trang sá»©c báº¡c Tiá»‡m báº¡c 21 Centimeters,â‚«65.000,21 Centimeters,Phá»¥ Kiá»‡n & Trang Sá»©c Ná»¯/Nháº«n,832,43,5.0,5 Sao (264),4 Sao (7),3 Sao (1),2 Sao (0),1 Sao (1),273,CÃ³ BÃ¬nh luáº­n (138),CÃ³ hÃ¬nh áº£nh / video (128)
149,Nháº«n Ná»¯ Báº¡c Ã 925 Máº¡ Báº¡ch Kim HÃ ng Cao Cáº¥p ÄÃ­nh ÄÃ¡ Äáº¹p Cho Báº¡n GÃ¡i CÃ³ Thá»ƒ Äiá»u Chá»‰nh Size - NT Silver,â‚«140.000,None,Phá»¥ Kiá»‡n & Trang Sá»©c Ná»¯/Nháº«n,232,1,5.0,5 Sao (0),4 Sao (0),3 Sao (0),2 Sao (0),1 Sao (0),52,CÃ³ BÃ¬nh luáº­n (0),CÃ³ hÃ¬nh áº£nh / video (0)
150,Nháº«n há»Ÿ kháº¯c sá»‘ la mÃ£ retro thá»i trang cho há»c sinh,â‚«6.000,None,Phá»¥ Kiá»‡n & Trang Sá»©c Ná»¯/Nháº«n,602,9220,4.9,5 Sao (0),4 Sao (0),3 Sao (0),2 Sao (0),1 Sao (0),207,CÃ³ BÃ¬nh luáº­n (0),CÃ³ hÃ¬nh áº£nh / video (0)
151,DÃ¢y chuyá»n nhiá»u lá»›p máº·t hÃ¬nh trÃ¡i tim/máº·t trÄƒng thá»i trang cho ná»¯,â‚«4.900 - â‚«9.900,None,Phá»¥ Kiá»‡n & Trang Sá»©c Ná»¯/DÃ¢y chuyá»n,940,199622,4.8,5 Sao (253),4 Sao (16),3 Sao (4),2 Sao (2),1 Sao (4),279,CÃ³ BÃ¬nh luáº­n (165),CÃ³ hÃ¬nh áº£nh / video (145)
152,[Ráºº VÃ” Äá»ŠCH] VÃ²ng Ä‘eo cá»• hÃ¬nh HOA CÃšC GD- DÃ¢y chuyá»n vÃ²ng bi há»£p kim unisex nam ná»¯ Ä‘eo Ä‘Ã´i phá»¥ kiá»‡n trang sá»©c thá»i trang,â‚«22.900,None,Phá»¥ Kiá»‡n & Trang Sá»©c Ná»¯/DÃ¢y chuyá»n,"2,3k",369,4.9,5 Sao (506),4 Sao (14),3 Sao (6),2 Sao (1),1 Sao (4),531,CÃ³ BÃ¬nh luáº­n (211),CÃ³ hÃ¬nh áº£nh / video (146)
153,Nháº«n trÆ¡n nam cao cáº¥p titan máº¡ báº¡c Ä‘en xanh mÃ u chuyá»ƒn giÃ¡ ráº» bá»n Ä‘áº¹p size 5 6 7 8 9,â‚«7.500 - â‚«15.000,None,Thá»i Trang Nam/Trang Sá»©c Nam/Nháº«n,488,708,4.9,5 Sao (81),4 Sao (5),3 Sao (2),2 Sao (1),1 Sao (0),89,CÃ³ BÃ¬nh luáº­n (28),CÃ³ hÃ¬nh áº£nh / video (16)
154,Nháº«n thiáº¿t káº¿ kiá»ƒu há»Ÿ hÃ¬nh trÃ¡i tim thá»i trang sang trá»ng 211016,â‚«4.400 - â‚«17.000,None,Phá»¥ Kiá»‡n & Trang Sá»©c Ná»¯/Nháº«n,"1,1k",33951,4.9,5 Sao (0),4 Sao (0),3 Sao (0),2 Sao (0),1 Sao (0),415,CÃ³ BÃ¬nh luáº­n (0),CÃ³ hÃ¬nh áº£nh / video (0)
155,"VÃ²ng cá»• máº·t cÆ°á»i xÃºc xáº¯c hiphop, vÃ²ng tay máº·t cÆ°á»i xÃºc xáº¯c, dÃ¢y chuyá»n máº·t cÆ°á»i xÃºc xáº¯c hiphop (VC20).",â‚«29.000 - â‚«69.000,None,Phá»¥ Kiá»‡n & Trang Sá»©c Ná»¯/DÃ¢y chuyá»n,513,980,4.9,5 Sao (141),4 Sao (3),3 Sao (1),2 Sao (0),1 Sao (3),148,CÃ³ BÃ¬nh luáº­n (51),CÃ³ hÃ¬nh áº£nh / video (41)
156,DÃ¢y chuyá»n ná»¯ Ä‘Ã­nh Ä‘Ã¡ sang cháº£nh cháº¥t liá»‡u báº¡c 925 thá»i trang phá»¥ kiá»‡n trang sá»©c ná»¯ Viá»…n ChÃ­ Báº£o D400523,â‚«152.000,Viá»…n ChÃ­ Báº£o,Phá»¥ Kiá»‡n & Trang Sá»©c Ná»¯/DÃ¢y chuyá»n,595,38128,5.0,5 Sao (266),4 Sao (7),3 Sao (3),2 Sao (0),1 Sao (0),276,CÃ³ BÃ¬nh luáº­n (146),CÃ³ hÃ¬nh áº£nh / video (136)
157,"âš¡Nhiá»u Máº«uâš¡ DÃ¢y Ä‘eo cá»• tá»± lÃ m báº±ng tay - dÃ¢y chuyá»n Ä‘eo cá»• dÃ¢y buá»™c 2mm, Ä‘á»“ trang sá»©c, dÃ¢y bÃ¡n buÃ´n",â‚«12.000 - â‚«25.000,None,Phá»¥ Kiá»‡n & Trang Sá»©c Ná»¯/DÃ¢y chuyá»n,628,6395,5.0,5 Sao (0),4 Sao (0),3 Sao (0),2 Sao (0),1 Sao (0),42,CÃ³ BÃ¬nh luáº­n (0),CÃ³ hÃ¬nh áº£nh / video (0)
158,DÃ¢y chuyá»n bi máº¡ báº¡ch kim -bao sÃ¡ng Ä‘áº¹p bá»n mÃ u,â‚«99.000,None,Phá»¥ Kiá»‡n & Trang Sá»©c Ná»¯/DÃ¢y chuyá»n,282,299,5.0,5 Sao (107),4 Sao (0),3 Sao (0),2 Sao (1),1 Sao (0),108,CÃ³ BÃ¬nh luáº­n (33),CÃ³ hÃ¬nh áº£nh / video (29)
159,"nháº«n ná»¯ báº¡c 925 , Ä‘Ã­nh Ä‘Ã¡ láº¥p lÃ¡nh , hÃ ng Ä‘áº¹p y áº£nh - báº¡c chuáº©n 100%",â‚«43.000,None,Phá»¥ Kiá»‡n & Trang Sá»©c Ná»¯/Nháº«n,"1,3k",44679,5.0,5 Sao (0),4 Sao (0),3 Sao (0),2 Sao (0),1 Sao (0),365,CÃ³ BÃ¬nh luáº­n (0),CÃ³ hÃ¬nh áº£nh / video (0)
160,DÃ¢y chuyá»n máº·t hÃ¬nh mÃ¡y áº£nh phong cÃ¡ch Hip Hop cá»• Ä‘iá»ƒn,â‚«18.000,None,Phá»¥ Kiá»‡n & Trang Sá»©c Ná»¯/DÃ¢y chuyá»n,499,1,4.7,5 Sao (171),4 Sao (3),3 Sao (10),2 Sao (3),1 Sao (6),193,CÃ³ BÃ¬nh luáº­n (102),CÃ³ hÃ¬nh áº£nh / video (82)
161,DÃ¢y chuyá»n báº¡c ná»¯ máº·t tim phá»“ng cháº¥t liá»‡u báº¡c 925 thá»i trang phá»¥ kiá»‡n trang sá»©c ná»¯ Viá»…n ChÃ­ Báº£o D400489,â‚«152.000,Viá»…n ChÃ­ Báº£o,Phá»¥ Kiá»‡n & Trang Sá»©c Ná»¯/DÃ¢y chuyá»n,354,13291,4.8,5 Sao (139),4 Sao (7),3 Sao (0),2 Sao (2),1 Sao (4),152,CÃ³ BÃ¬nh luáº­n (94),CÃ³ hÃ¬nh áº£nh / video (84)
162,DÃ¢y chuyá»n máº·t Ä‘Ã¡ tháº¡ch anh tÃ­m tinh táº¿ phong cÃ¡ch HÃ n Quá»‘c thá»i trang dÃ nh cho ná»¯,â‚«10.904,None,Phá»¥ Kiá»‡n & Trang Sá»©c Ná»¯/DÃ¢y chuyá»n,432,99732,4.8,5 Sao (0),4 Sao (0),3 Sao (0),2 Sao (0),1 Sao (0),210,CÃ³ BÃ¬nh luáº­n (0),CÃ³ hÃ¬nh áº£nh / video (0)
163,DÃ¢y chuyá»n máº·t ngÃ´i sao 5 cÃ¡nh phong cÃ¡ch thá»i trang hÃ³a trang,â‚«15.500,None,Phá»¥ Kiá»‡n & Trang Sá»©c Ná»¯/DÃ¢y chuyá»n,251,1864,4.7,5 Sao (0),4 Sao (0),3 Sao (0),2 Sao (0),1 Sao (0),74,CÃ³ BÃ¬nh luáº­n (0),CÃ³ hÃ¬nh áº£nh / video (0)
164,vÃ²ng cá»• Máº·t Tháº» Kháº¯c Chá»¯ Thá»i Trang Cho Ná»¯ / DÃ¢y Chuyá»n,â‚«35.000,None,Phá»¥ Kiá»‡n & Trang Sá»©c Ná»¯/DÃ¢y chuyá»n,880,6108,4.9,5 Sao (270),4 Sao (7),3 Sao (1),2 Sao (2),1 Sao (2),281,CÃ³ BÃ¬nh luáº­n (156),CÃ³ hÃ¬nh áº£nh / video (142)
165,"VÃ²ng cá»•, VÃ²ng Ä‘eo cá»• hÃ¬nh PHI HÃ€NH GIA dÃ¢y chuyá»n há»£p kim unisex nam ná»¯ phong cÃ¡ch thá»i trang - PK004",â‚«9.900,None,Phá»¥ Kiá»‡n & Trang Sá»©c Ná»¯/DÃ¢y chuyá»n,337,95,4.4,5 Sao (0),4 Sao (0),3 Sao (0),2 Sao (0),1 Sao (0),111,CÃ³ BÃ¬nh luáº­n (0),CÃ³ hÃ¬nh áº£nh / video (0)
166,"DÃ¢y Chuyá»n, VÃ²ng Cá»• Titan KhÃ´ng Rá»‰ Máº·t LÃ¡ Phong Phong CÃ¡ch Tráº» Trung - Bim's House",â‚«21.000,None,Thá»i Trang Nam/Trang Sá»©c Nam/DÃ¢y chuyá»n,362,244,4.8,5 Sao (106),4 Sao (7),3 Sao (0),2 Sao (0),1 Sao (3),116,CÃ³ BÃ¬nh luáº­n (34),CÃ³ hÃ¬nh áº£nh / video (22)
167,"Chuá»—i VÃ²ng Cá»• Ngá»c Trai NhÃ¢n Táº¡o 3 Táº§ng Máº·c Ão DÃ i CÃ¡ch TÃ¢n, Truyá»n Thá»‘ng",â‚«37.000 - â‚«60.000,None,Phá»¥ Kiá»‡n & Trang Sá»©c Ná»¯/DÃ¢y chuyá»n,"1,1k",354,4.9,5 Sao (204),4 Sao (5),3 Sao (2),2 Sao (1),1 Sao (1),213,CÃ³ BÃ¬nh luáº­n (100),CÃ³ hÃ¬nh áº£nh / video (82)
168,NHáºªN Ná»® Báº C TA Máº¶T Há»’ LY TO ÄÃNH ÄÃ NHáºªN Táº O Äá»¦ MÃ€U THEO Má»†NH - BIBI SILVER - BBS,â‚«82.500,None,Phá»¥ Kiá»‡n & Trang Sá»©c Ná»¯/Nháº«n,439,2594,4.8,5 Sao (0),4 Sao (0),3 Sao (0),2 Sao (0),1 Sao (0),177,CÃ³ BÃ¬nh luáº­n (0),CÃ³ hÃ¬nh áº£nh / video (0)
169,Nháº«n ThÃ©p Titan HÃ¬nh CÃ¢y Äinh Phong CÃ¡ch HÃ n Quá»‘c Äá»™c ÄÃ¡o,â‚«11.500,None,Phá»¥ Kiá»‡n & Trang Sá»©c Ná»¯/Nháº«n,"1,3k",18724,4.9,5 Sao (68),4 Sao (1),3 Sao (1),2 Sao (1),1 Sao (0),71,CÃ³ BÃ¬nh luáº­n (52),CÃ³ hÃ¬nh áº£nh / video (44)
170,DÃ¢y chuyá»n báº¡c ná»¯ Ä‘Ã¡ trÃ²n láº¥p lÃ¡nh cháº¥t liá»‡u báº¡c 925 thá»i trang phá»¥ kiá»‡n trang sá»©c ná»¯ Viá»…n ChÃ­ Báº£o D400483,â‚«161.000,Viá»…n ChÃ­ Báº£o,Phá»¥ Kiá»‡n & Trang Sá»©c Ná»¯/DÃ¢y chuyá»n,852,4073,4.9,5 Sao (244),4 Sao (8),3 Sao (5),2 Sao (2),1 Sao (1),260,CÃ³ BÃ¬nh luáº­n (140),CÃ³ hÃ¬nh áº£nh / video (122)
171,Nháº«n ThÃ©p Titan KhÃ´ng Gá»‰ Thiáº¿t Káº¿ Má»›i Cao Cáº¥p Thá»i Trang,â‚«15.000,None,Phá»¥ Kiá»‡n & Trang Sá»©c Ná»¯/Nháº«n,37,179896,5.0,5 Sao (3),4 Sao (0),3 Sao (0),2 Sao (0),1 Sao (0),3,CÃ³ BÃ¬nh luáº­n (3),CÃ³ hÃ¬nh áº£nh / video (0)
172,"DÃ¢y chuyá»n báº¡c, VÃ²ng cá»• ná»¯ Báº¡c thanh gáº¯n Ä‘Ã¡ cao cÃ¢p TUNASILVER Trang sá»©c Báº¡c, ğ•ğ¢ğğğ¨ + ğšÌ‰ğ§ğ¡ ğ­ğ¡ğšÌ£Ì‚ğ­ ğ‚ğšğ¦ ğ¤ğÌ‚Ìğ­ ğœğ¡ğ®ğšÌ‚Ì‰ğ§ ğğšÌ£ğœ",â‚«151.000 - â‚«161.000,None,Phá»¥ Kiá»‡n & Trang Sá»©c Ná»¯/DÃ¢y chuyá»n,802,276,5.0,5 Sao (384),4 Sao (5),3 Sao (2),2 Sao (1),1 Sao (1),393,CÃ³ BÃ¬nh luáº­n (228),CÃ³ hÃ¬nh áº£nh / video (205)
173,DÃ¢y chuyá»n 2 lá»›p chá»¯ máº·t báº£ng vÃ²ng cá»• thÃ©p titan,â‚«25.800,None,Phá»¥ Kiá»‡n & Trang Sá»©c Ná»¯/DÃ¢y chuyá»n,576,351,4.9,5 Sao (0),4 Sao (0),3 Sao (0),2 Sao (0),1 Sao (0),180,CÃ³ BÃ¬nh luáº­n (0),CÃ³ hÃ¬nh áº£nh / video (0)
174,VÃ²ng cá»• ná»¯ cao cáº¥p Ä‘áº¹p Ä‘Ã­nh Ä‘Ã¡ sang trá»ng mÃ u báº¡c VC001 trang sá»©c CINLA,â‚«75.000,Cinla,Phá»¥ Kiá»‡n & Trang Sá»©c Ná»¯/DÃ¢y chuyá»n,303,90,4.8,5 Sao (131),4 Sao (7),3 Sao (4),2 Sao (0),1 Sao (3),145,CÃ³ BÃ¬nh luáº­n (74),CÃ³ hÃ¬nh áº£nh / video (71)
175,VÃ²ng cá»• máº·t bÆ°á»›m Ä‘Ã­nh Ä‘Ã¡ pha lÃª vÃ  ngá»c trai thiáº¿t káº¿ thá»i trang,â‚«28.000,None,Phá»¥ Kiá»‡n & Trang Sá»©c Ná»¯/DÃ¢y chuyá»n,732,157,4.9,5 Sao (274),4 Sao (2),3 Sao (4),2 Sao (2),1 Sao (0),282,CÃ³ BÃ¬nh luáº­n (114),CÃ³ hÃ¬nh áº£nh / video (111)
176,VÃ²ng cá»• HÃ¬nh NgÃ´i Sao SÃ¡u CÃ¡nh Phong CÃ¡ch Hip hop Thá»i Trang Cho Nam VÃ  Ná»¯ (60cm),â‚«7.900,None,Phá»¥ Kiá»‡n & Trang Sá»©c Ná»¯/DÃ¢y chuyá»n,99,19757,4.4,5 Sao (29),4 Sao (4),3 Sao (1),2 Sao (0),1 Sao (4),32,CÃ³ BÃ¬nh luáº­n (22),CÃ³ hÃ¬nh áº£nh / video (11)
177,DÃ¢y Chuyá»n DÃ¡ng DÃ i Phong CÃ¡ch Hiphop CÃ¡ TÃ­nh Há»£p Thá»i Trang,â‚«15.000 - â‚«16.400,None,Phá»¥ Kiá»‡n & Trang Sá»©c Ná»¯/DÃ¢y chuyá»n,"8,2k",66920,4.9,"5 Sao (2,3k)",4 Sao (72),3 Sao (25),2 Sao (3),1 Sao (10),"2,4k","CÃ³ BÃ¬nh luáº­n (1,1k)",CÃ³ hÃ¬nh áº£nh / video (925)
178,DÃ¢y chuyá»n báº±ng kim loáº¡i máº·t hÃ¬nh bÆ°á»›m cÃ¡ tÃ­nh,â‚«18.000 - â‚«21.500,None,Phá»¥ Kiá»‡n & Trang Sá»©c Ná»¯/DÃ¢y chuyá»n,"1,2k",595,4.9,5 Sao (415),4 Sao (11),3 Sao (4),2 Sao (2),1 Sao (4),436,CÃ³ BÃ¬nh luáº­n (201),CÃ³ hÃ¬nh áº£nh / video (192)
179,DÃ¢y chuyá»n nam ná»¯ dÃ¹ Ä‘en kiá»ƒu thÃ¡i chá»‘t vÃ ng cÃ¡ tÃ­nh thá»i trang,â‚«80.000 - â‚«120.000,None,Phá»¥ Kiá»‡n & Trang Sá»©c Ná»¯/DÃ¢y chuyá»n,406,23927,4.9,5 Sao (126),4 Sao (6),3 Sao (1),2 Sao (1),1 Sao (2),136,CÃ³ BÃ¬nh luáº­n (52),CÃ³ hÃ¬nh áº£nh / video (38)
180,DÃ‚Y CHUYá»€N Báº C TA - DÃ‚Y CHUYá»€N Máº¶T ÄÃ 6 Cáº NH XINH Xáº®N CHáº¤T LIá»†U Báº C BIBI,â‚«126.100,None,Phá»¥ Kiá»‡n & Trang Sá»©c Ná»¯/DÃ¢y chuyá»n,279,800,4.9,5 Sao (112),4 Sao (2),3 Sao (0),2 Sao (0),1 Sao (1),115,CÃ³ BÃ¬nh luáº­n (70),CÃ³ hÃ¬nh áº£nh / video (62)
181,"DÃ¢y chuyá»n, VÃ²ng cá»• máº¡ vÃ ng 18k chuáº©n ITALY á»‘ng trÃºc kháº¯c rá»“ng cá»±c sang cháº£nh",â‚«26.000,None,Phá»¥ Kiá»‡n & Trang Sá»©c Ná»¯/DÃ¢y chuyá»n,"1,6k",87216,4.5,5 Sao (30),4 Sao (4),3 Sao (0),2 Sao (0),1 Sao (4),38,CÃ³ BÃ¬nh luáº­n (18),CÃ³ hÃ¬nh áº£nh / video (12)
182,Nháº«n hÃ³a trang nhÃ¢n váº­t hoáº¡t hÃ¬nh Uchiha Itachi Sasuke Kakashi Naruto tÃ¹y chá»n,â‚«12.999,None,Phá»¥ Kiá»‡n & Trang Sá»©c Ná»¯/Nháº«n,333,39846,4.8,5 Sao (0),4 Sao (0),3 Sao (0),2 Sao (0),1 Sao (0),70,CÃ³ BÃ¬nh luáº­n (0),CÃ³ hÃ¬nh áº£nh / video (0)
183,DÃ¢y chuyá»n hÃ¬nh robot hiphop cÃ¡ tÃ­nh cho nam ná»¯,â‚«9.500,None,Phá»¥ Kiá»‡n & Trang Sá»©c Ná»¯/DÃ¢y chuyá»n,"2,4k",145,4.9,5 Sao (0),4 Sao (0),3 Sao (0),2 Sao (0),1 Sao (0),889,CÃ³ BÃ¬nh luáº­n (0),CÃ³ hÃ¬nh áº£nh / video (0)
184,"DÃ¢y chuyá»n pha lÃª ná»¯ Báº¡c, VÃ²ng cá»• Báº¡c tuyáº¿t xÃ¹ cao cáº¥p -ğ‘¨Ì‰ğ’ğ’‰ ğ’•ğ’‰ğ’‚Ì£Ì‚ğ’•- Cam káº¿t chuáº©n Báº¡c _Tuna Silver Trang sá»©c",â‚«149.000,None,Phá»¥ Kiá»‡n & Trang Sá»©c Ná»¯/DÃ¢y chuyá»n,270,None,4.9,5 Sao (0),4 Sao (0),3 Sao (0),2 Sao (0),1 Sao (0),118,CÃ³ BÃ¬nh luáº­n (0),CÃ³ hÃ¬nh áº£nh / video (0)
185,DÃ¢y chuyá»n ná»¯ TOBI STORE vÃ²ng cá»• xÃ­ch 02 táº§ng layer báº£n to ngáº§u cÃ¡ tÃ­nh NO SKU 18,â‚«29.250,None,Phá»¥ Kiá»‡n & Trang Sá»©c Ná»¯/DÃ¢y chuyá»n,880,31,4.9,5 Sao (264),4 Sao (6),3 Sao (2),2 Sao (0),1 Sao (1),273,CÃ³ BÃ¬nh luáº­n (79),CÃ³ hÃ¬nh áº£nh / video (69)
186,Nháº«n ná»¯ báº¡c ta nháº«n há»“ ly dÃ¡ng má»›i tráº» trung xinh xáº¯n - Trang sá»©c bibi,â‚«48.500,None,Phá»¥ Kiá»‡n & Trang Sá»©c Ná»¯/Nháº«n,715,1930,4.9,5 Sao (256),4 Sao (7),3 Sao (6),2 Sao (1),1 Sao (1),271,CÃ³ BÃ¬nh luáº­n (92),CÃ³ hÃ¬nh áº£nh / video (84)
187,Nháº«n há»£p kim hÃ¬nh ngÃ´i sao KPOP BTS,â‚«70.815,None,Phá»¥ Kiá»‡n & Trang Sá»©c Ná»¯/Nháº«n,373,4898,4.7,5 Sao (163),4 Sao (11),3 Sao (11),2 Sao (4),1 Sao (1),190,CÃ³ BÃ¬nh luáº­n (89),CÃ³ hÃ¬nh áº£nh / video (77)
188,Nháº«n ná»¯ khÃ´ng gá»‰ cháº¥t liá»‡u báº¡c tháº­t khÃ´ng xi máº¡ á»• cao gáº¯n Ä‘Ã¡ kim cÆ°Æ¡ng nhÃ¢n táº¡o 6ly trang sá»©c Báº¡c Quang Tháº£n - QTNU13,â‚«143.042,Báº¡c Quang Tháº£n,Phá»¥ Kiá»‡n & Trang Sá»©c Ná»¯/Nháº«n,128,225,4.9,5 Sao (0),4 Sao (0),3 Sao (0),2 Sao (0),1 Sao (0),45,CÃ³ BÃ¬nh luáº­n (0),CÃ³ hÃ¬nh áº£nh / video (0)
189,nháº«n trÆ¡n titan loáº¡i siÃªu má»ng - nháº«n cÃ¡ tÃ­nh unisex siÃªu bá»n khÃ´ng dá»‹ á»©ng khÃ´ng gá»‰,â‚«8.900,None,Phá»¥ Kiá»‡n & Trang Sá»©c Ná»¯/Nháº«n,"2,4k",186,5.0,5 Sao (555),4 Sao (8),3 Sao (1),2 Sao (0),1 Sao (4),568,CÃ³ BÃ¬nh luáº­n (166),CÃ³ hÃ¬nh áº£nh / video (158)
190,Nháº«n Ä‘eo tay hÃ¬nh Ä‘á»“ng há»“ phong cÃ¡ch Ä‘á»™c láº¡ thá»i trang nam ná»¯,â‚«17.999,None,Phá»¥ Kiá»‡n & Trang Sá»©c Ná»¯/Nháº«n,"1,4k",129,4.9,5 Sao (447),4 Sao (18),3 Sao (10),2 Sao (1),1 Sao (7),483,CÃ³ BÃ¬nh luáº­n (199),CÃ³ hÃ¬nh áº£nh / video (180)
191,DÃ¢y chuyá»n hÃ¬nh chá»¯ tháº­p lá»›n nhá» má»›i,â‚«7.600,None,Phá»¥ Kiá»‡n & Trang Sá»©c Ná»¯/DÃ¢y chuyá»n,"1,4k",333,5.0,5 Sao (499),4 Sao (7),3 Sao (1),2 Sao (1),1 Sao (1),509,CÃ³ BÃ¬nh luáº­n (165),CÃ³ hÃ¬nh áº£nh / video (154)
192,Nháº«n Äeo Tay Kim Loáº¡i Thiáº¿t Káº¿ HÃ¬nh Há»c Thá»i Trang Cho Ná»¯,â‚«12.000,None,Phá»¥ Kiá»‡n & Trang Sá»©c Ná»¯/Nháº«n,979,84270,4.9,5 Sao (0),4 Sao (0),3 Sao (0),2 Sao (0),1 Sao (0),400,CÃ³ BÃ¬nh luáº­n (0),CÃ³ hÃ¬nh áº£nh / video (0)
193, DÃ¢y Chuyá»n Máº·t DÃ¢y HÃ¬nh ThÃ¡nh GiÃ¡ Báº±ng ThÃ©p KhÃ´ng Gá»‰ DÃ nh Cho Nam VÃ  Ná»¯,â‚«17.000 - â‚«21.000,None,Phá»¥ Kiá»‡n & Trang Sá»©c Ná»¯/DÃ¢y chuyá»n,530,19961,4.7,5 Sao (161),4 Sao (13),3 Sao (10),2 Sao (2),1 Sao (3),189,CÃ³ BÃ¬nh luáº­n (76),CÃ³ hÃ¬nh áº£nh / video (46)
194,DÃ¢y Chuyá»n Há»£p Kim Máº·t HÃ¬nh Phi HÃ nh Gia Thá»i Trang Cho Nam Ná»¯,â‚«8.000,None,Phá»¥ Kiá»‡n & Trang Sá»©c Ná»¯/DÃ¢y chuyá»n,632,19304,4.9,5 Sao (264),4 Sao (4),3 Sao (3),2 Sao (0),1 Sao (3),274,CÃ³ BÃ¬nh luáº­n (108),CÃ³ hÃ¬nh áº£nh / video (94)
195,DÃ¢y chuyá»n máº·t hÃ¬nh ma mÃ u tráº¯ng Ä‘en dá»… thÆ°Æ¡ng thá»i trang cho cáº·p Ä‘Ã´i/ báº¡n thÃ¢n,â‚«7.878 - â‚«16.739,None,Phá»¥ Kiá»‡n & Trang Sá»©c Ná»¯/DÃ¢y chuyá»n,244,599853,4.8,5 Sao (0),4 Sao (0),3 Sao (0),2 Sao (0),1 Sao (0),78,CÃ³ BÃ¬nh luáº­n (0),CÃ³ hÃ¬nh áº£nh / video (0)
196,DÃ¢y chuyá»n choker tuyáº¿t xÃ¹ báº¡c Ã½ cao cáº¥p s925 phong cÃ¡ch hÃ n quá»‘c cÃ¡ tÃ­nh - dÃ¢y chuyá»n báº¡c bibi,â‚«145.500,None,Phá»¥ Kiá»‡n & Trang Sá»©c Ná»¯/DÃ¢y chuyá»n,225,7073,5.0,5 Sao (74),4 Sao (1),3 Sao (0),2 Sao (0),1 Sao (0),75,CÃ³ BÃ¬nh luáº­n (31),CÃ³ hÃ¬nh áº£nh / video (33)
197,DÃ¢y Chuyá»n Ná»¯ VÃ²ng Cá»• XÃ­ch Báº£n To DÃ¢y Chuyá»n Chocker XÃ­ch To NO SKU 39 - TOBI'SHOP,â‚«19.000 - â‚«49.000,None,Phá»¥ Kiá»‡n & Trang Sá»©c Ná»¯/DÃ¢y chuyá»n,"3,1k",351,4.9,5 Sao (810),4 Sao (22),3 Sao (13),2 Sao (6),1 Sao (4),855,CÃ³ BÃ¬nh luáº­n (381),CÃ³ hÃ¬nh áº£nh / video (329)
198,VÃ²ng cá»• BAMOER báº¡c S925 dáº¡ng chuá»—i xÃ­ch nhiá»u kiá»ƒu dÃ¡ng cÃ³ thá»ƒ Ä‘iá»u chá»‰nh chiá»u dÃ i,â‚«91.000 - â‚«222.000,bamoer,Phá»¥ Kiá»‡n & Trang Sá»©c Ná»¯/DÃ¢y chuyá»n,756,None,4.9,5 Sao (315),4 Sao (9),3 Sao (2),2 Sao (2),1 Sao (2),330,CÃ³ BÃ¬nh luáº­n (168),CÃ³ hÃ¬nh áº£nh / video (151)
199,Nháº«n thÃ©p titan máº¡ vÃ ng Ä‘Ã­nh Ä‘Ã¡ zircon dÃ nh cho ná»¯,â‚«15.614,None,Phá»¥ Kiá»‡n & Trang Sá»©c Ná»¯/Nháº«n,874,30831,4.9,5 Sao (170),4 Sao (5),3 Sao (2),2 Sao (2),1 Sao (0),179,CÃ³ BÃ¬nh luáº­n (64),CÃ³ hÃ¬nh áº£nh / video (50)
200,"[ Xáº£ Kho ] Nháº«n ná»¯ nháº«n Nam TITAN Dáº¡ Quang PhÃ¡t SÃ¡ng Trong ÄÃªm Nhá»‹p Äáº­p TrÃ¡i Tim Cá»±c Äáº¹p, Nháº«n ÄÃ´i Dáº¡ Quang phÃ¡t sÃ¡ng",â‚«15.000 - â‚«19.000,None,Phá»¥ Kiá»‡n & Trang Sá»©c Ná»¯/Nháº«n,"1,2k",4314,4.7,5 Sao (0),4 Sao (0),3 Sao (0),2 Sao (0),1 Sao (0),369,CÃ³ BÃ¬nh luáº­n (0),CÃ³ hÃ¬nh áº£nh / video (0)
201,DÃ¢y Chuyá»n Báº¡c 925 DÃ¢y TrÆ¡n Phong CÃ¡ch HÃ n Quá»‘c DC05 Bao Ngá»c Jewelry,â‚«135.000 - â‚«207.000,Báº£o Ngá»c Jewelry,Phá»¥ Kiá»‡n & Trang Sá»©c Ná»¯/DÃ¢y chuyá»n,103,129,4.8,5 Sao (29),4 Sao (2),3 Sao (2),2 Sao (0),1 Sao (0),33,CÃ³ BÃ¬nh luáº­n (18),CÃ³ hÃ¬nh áº£nh / video (14)
202,1 Nháº«n ThÃ©p Titan Kháº¯c Chá»¯ Tháº­p Cho Nam Ná»¯,â‚«5.700 - â‚«6.100,None,Phá»¥ Kiá»‡n & Trang Sá»©c Ná»¯/Nháº«n,209,29994,4.7,5 Sao (49),4 Sao (3),3 Sao (3),2 Sao (3),1 Sao (1),59,CÃ³ BÃ¬nh luáº­n (36),CÃ³ hÃ¬nh áº£nh / video (25)
203,Nháº«n há»Ÿ há»£p kim hÃ¬nh máº¯t kÃ­nh thá»i trang cho ná»¯,â‚«25.100,None,Phá»¥ Kiá»‡n & Trang Sá»©c Ná»¯/Nháº«n,266,4708,4.7,5 Sao (66),4 Sao (4),3 Sao (2),2 Sao (1),1 Sao (3),76,CÃ³ BÃ¬nh luáº­n (38),CÃ³ hÃ¬nh áº£nh / video (37)
204,Combo 3 nháº«n thá»i trang phong cÃ¡ch hÃ n quá»‘c,â‚«19.999,None,Phá»¥ Kiá»‡n & Trang Sá»©c Ná»¯/Nháº«n,"1,8k",332,4.9,5 Sao (597),4 Sao (28),3 Sao (13),2 Sao (3),1 Sao (8),649,CÃ³ BÃ¬nh luáº­n (169),CÃ³ hÃ¬nh áº£nh / video (147)
205,XiaoboACC DÃ¢y Chuyá»n Máº·t HÃ¬nh BÆ°á»›m Báº±ng ThÃ©p Titan Phong CÃ¡ch HÃ n Quá»‘c,â‚«26.000,XiaoboACC,Phá»¥ Kiá»‡n & Trang Sá»©c Ná»¯/DÃ¢y chuyá»n,"2,3k",7482,4.9,5 Sao (0),4 Sao (0),3 Sao (0),2 Sao (0),1 Sao (0),1k,CÃ³ BÃ¬nh luáº­n (0),CÃ³ hÃ¬nh áº£nh / video (0)
206,Nháº«n Äeo Tay Kim Loáº¡i ÄÃ­nh ÄÃ¡ Xinh Xáº¯n Thanh Lá»‹ch Cho Ná»¯ KIYOMI STORE,â‚«20.000 - â‚«30.000,None,Phá»¥ Kiá»‡n & Trang Sá»©c Ná»¯/Nháº«n,515,194,4.8,5 Sao (80),4 Sao (1),3 Sao (3),2 Sao (0),1 Sao (2),86,CÃ³ BÃ¬nh luáº­n (25),CÃ³ hÃ¬nh áº£nh / video (17)
207,Nháº«n HÃ¬nh Chá»¯ Tháº­p Phá»‘i DÃ¢y XÃ­ch Phong CÃ¡ch Hip Hop Thá»i Trang Cho Nam VÃ  Ná»¯,â‚«11.000,None,Phá»¥ Kiá»‡n & Trang Sá»©c Ná»¯/Nháº«n,"4,4k",87523,4.8,"5 Sao (1,6k)",4 Sao (92),3 Sao (33),2 Sao (20),1 Sao (28),"1,8k","CÃ³ BÃ¬nh luáº­n (1,3k)","CÃ³ hÃ¬nh áº£nh / video (1,2k)"
208,Nháº«n ná»¯ Báº¡c ta cá» 4 lÃ¡ ÄÃ­nh Ä‘Ã¡ láº¥p lÃ¡nh blink blink nháº¹ nhÃ ng quyáº¿n rÅ© Mainomi shop báº¡c xinh,â‚«60.000,Mainomi,Phá»¥ Kiá»‡n & Trang Sá»©c Ná»¯/Nháº«n,359,964,4.8,5 Sao (141),4 Sao (6),3 Sao (1),2 Sao (0),1 Sao (4),152,CÃ³ BÃ¬nh luáº­n (104),CÃ³ hÃ¬nh áº£nh / video (99)
209,Nháº«n Há»Ÿ Há»a Tiáº¿t Graffiti HoÃ ng Tá»­ Hoa Hoáº¡t HÃ¬nh Phong CÃ¡ch Cá»• Äiá»ƒn Há»£p Thá»i Trang Cho Nam VÃ  Ná»¯,â‚«3.500,None,Phá»¥ Kiá»‡n & Trang Sá»©c Ná»¯/Nháº«n,"1,2k",8110,4.7,5 Sao (302),4 Sao (22),3 Sao (13),2 Sao (4),1 Sao (10),334,CÃ³ BÃ¬nh luáº­n (212),CÃ³ hÃ¬nh áº£nh / video (172)
210,"Nháº«n nam phong thuá»· kháº¯c rá»“ng may máº¯n gáº¯n Ä‘Ã¡ Ä‘en, nháº«n nam Titan Cao Cáº¥p",â‚«24.000,None,Thá»i Trang Nam/Trang Sá»©c Nam/Nháº«n,437,199673,4.6,5 Sao (99),4 Sao (8),3 Sao (5),2 Sao (5),1 Sao (4),121,CÃ³ BÃ¬nh luáº­n (37),CÃ³ hÃ¬nh áº£nh / video (21)
211,VÃ²ng cá»• MAYEBE LAVEND ThÃ©p titan KhÃ´ng Gá»‰ Phong CÃ¡ch Hip Hop Cho Cáº·p ÄÃ´i,â‚«15.000 - â‚«39.000,MAYEBE LAVEND,Phá»¥ Kiá»‡n & Trang Sá»©c Ná»¯/DÃ¢y chuyá»n,"3,2k",19894,5.0,"5 Sao (1,3k)",4 Sao (17),3 Sao (7),2 Sao (3),1 Sao (5),"1,3k",CÃ³ BÃ¬nh luáº­n (448),CÃ³ hÃ¬nh áº£nh / video (426)
212,DÃ¢y chuyá»n báº¡c ná»¯ Cá» bá»‘n lÃ¡ may máº¯n cháº¥t liá»‡u báº¡c 925 thá»i trang phá»¥ kiá»‡n trang sá»©c ná»¯ Viá»…n ChÃ­ Báº£o D400661,â‚«152.000,Viá»…n ChÃ­ Báº£o,Phá»¥ Kiá»‡n & Trang Sá»©c Ná»¯/DÃ¢y chuyá»n,490,18539,4.9,5 Sao (205),4 Sao (5),3 Sao (3),2 Sao (0),1 Sao (0),213,CÃ³ BÃ¬nh luáº­n (140),CÃ³ hÃ¬nh áº£nh / video (131)
213,DÃ¢y chuyá»n hÃ¬nh máº·t cÆ°á»i thÃ©p titan nam vÃ  ná»¯ (VC12),â‚«29.000,None,Phá»¥ Kiá»‡n & Trang Sá»©c Ná»¯/DÃ¢y chuyá»n,324,983,4.9,5 Sao (102),4 Sao (5),3 Sao (1),2 Sao (0),1 Sao (1),109,CÃ³ BÃ¬nh luáº­n (23),CÃ³ hÃ¬nh áº£nh / video (16)
214,Nháº«n Nhá»±a Acrylic 17mm MÃ u Há»• PhÃ¡ch Phong CÃ¡ch HÃ n Quá»‘c Cho Ná»¯,â‚«6.000,None,Phá»¥ Kiá»‡n & Trang Sá»©c Ná»¯/Nháº«n,819,35907,5.0,5 Sao (175),4 Sao (3),3 Sao (2),2 Sao (0),1 Sao (0),180,CÃ³ BÃ¬nh luáº­n (70),CÃ³ hÃ¬nh áº£nh / video (73)
215, DÃ¢y Chuyá»n Máº·t ÄÃ´i CÃ¡nh ThiÃªn Tháº§n Phong CÃ¡ch Hip Hop,â‚«12.000,None,Phá»¥ Kiá»‡n & Trang Sá»©c Ná»¯/DÃ¢y chuyá»n,4k,7435,4.9,"5 Sao (1,4k)",4 Sao (18),3 Sao (9),2 Sao (4),1 Sao (9),"1,4k",CÃ³ BÃ¬nh luáº­n (490),CÃ³ hÃ¬nh áº£nh / video (425)
216,DÃ¢y Chuyá»n Báº¡c Blue Peach Circle Lá»“ng V1 DC367,â‚«225.000,BLUE PEACH,Phá»¥ Kiá»‡n & Trang Sá»©c Ná»¯/DÃ¢y chuyá»n,2k,27,4.9,5 Sao (0),4 Sao (0),3 Sao (0),2 Sao (0),1 Sao (0),844,CÃ³ BÃ¬nh luáº­n (0),CÃ³ hÃ¬nh áº£nh / video (0)
217,"Nháº«n háº¡t cÆ°á»m nhiá»u mÃ u, nháº«n hoa cÃºc daisy handmade",â‚«8.000 - â‚«12.000,None,Phá»¥ Kiá»‡n & Trang Sá»©c Ná»¯/Nháº«n,1k,206,5.0,5 Sao (154),4 Sao (0),3 Sao (0),2 Sao (1),1 Sao (0),155,CÃ³ BÃ¬nh luáº­n (82),CÃ³ hÃ¬nh áº£nh / video (74)
218,DÃ¢y chuyá»n thÃ©p titan máº·t hÃ¬nh phi hÃ nh gia sÃ nh Ä‘iá»‡u cho nam ná»¯,â‚«8.000,None,Phá»¥ Kiá»‡n & Trang Sá»©c Ná»¯/DÃ¢y chuyá»n,983,18954,4.8,5 Sao (0),4 Sao (0),3 Sao (0),2 Sao (0),1 Sao (0),276,CÃ³ BÃ¬nh luáº­n (0),CÃ³ hÃ¬nh áº£nh / video (0)
219,"VÃ²ng cá»•, DÃ¢y chuyá»n cao su bá»c báº¡c Ä‘áº§u rá»“ng quyá»n uy - Mix cÃ¡c loáº¡i máº·t cá»±c hÃ³t",â‚«49.000,None,Phá»¥ Kiá»‡n & Trang Sá»©c Ná»¯/DÃ¢y chuyá»n,418,8407,4.8,5 Sao (108),4 Sao (8),3 Sao (5),2 Sao (2),1 Sao (0),123,CÃ³ BÃ¬nh luáº­n (61),CÃ³ hÃ¬nh áº£nh / video (37)
220,[Ráºº VÃ” Äá»ŠCH] VÃ²ng Ä‘eo cá»• bÃ² sá»¯a phÃ¡t sÃ¡ng - DÃ¢y chuyá»n vÃ²ng bi há»£p kim unisex nam ná»¯ Ä‘eo Ä‘Ã´i phá»¥ kiá»‡n trang sá»©c thá»i tra,â‚«19.900 - â‚«29.900,None,Phá»¥ Kiá»‡n & Trang Sá»©c Ná»¯/DÃ¢y chuyá»n,155,61,5.0,5 Sao (43),4 Sao (1),3 Sao (0),2 Sao (0),1 Sao (0),44,CÃ³ BÃ¬nh luáº­n (21),CÃ³ hÃ¬nh áº£nh / video (15)
221,DÃ¢y chuyá»n báº¡c nam ná»¯ hÃ¬nh PHI HÃ€NH GIA ÃNH Lá»¬A - VÃ²ng cá»• phá»¥ kiá»‡n thá»i trang unisex Ä‘eo Ä‘Ã´i,â‚«23.900,None,Phá»¥ Kiá»‡n & Trang Sá»©c Ná»¯/DÃ¢y chuyá»n,237,167,4.9,5 Sao (69),4 Sao (2),3 Sao (1),2 Sao (0),1 Sao (0),72,CÃ³ BÃ¬nh luáº­n (24),CÃ³ hÃ¬nh áº£nh / video (14)
222,[HÃ€NG CAO Cáº¤P] DÃ‚Y CHUYá»€N Há»’ LY ÄÃ Tá»° NHIÃŠN Cá»¬U VÄ¨ 9 ÄUÃ”I TÃŒNH DUYÃŠN MAY Máº®N TÃ€I Lá»˜C Táº¶NG KÃˆM DÃ‚Y ÄEO VÃ€ Há»˜P Gáº¤M CAO Cáº¤P,â‚«500.000 - â‚«520.000,None,Phá»¥ Kiá»‡n & Trang Sá»©c Ná»¯/DÃ¢y chuyá»n,247,5270,4.8,5 Sao (24),4 Sao (0),3 Sao (1),2 Sao (0),1 Sao (1),26,CÃ³ BÃ¬nh luáº­n (18),CÃ³ hÃ¬nh áº£nh / video (12)
223,DÃ¢y chuyá»n trÃ¡i tim Ä‘en tÃ¬nh yÃªu thÃ©p titan,â‚«19.999,None,Phá»¥ Kiá»‡n & Trang Sá»©c Ná»¯/DÃ¢y chuyá»n,621,812,5.0,5 Sao (235),4 Sao (5),3 Sao (2),2 Sao (1),1 Sao (0),243,CÃ³ BÃ¬nh luáº­n (81),CÃ³ hÃ¬nh áº£nh / video (82)
224,Nháº«n bÃ¡t nhÃ£ tÃ¢m kinh NZ837,â‚«38.000,None,Phá»¥ Kiá»‡n & Trang Sá»©c Ná»¯/Nháº«n,"1,1k",133,4.9,5 Sao (320),4 Sao (15),3 Sao (5),2 Sao (0),1 Sao (3),343,CÃ³ BÃ¬nh luáº­n (106),CÃ³ hÃ¬nh áº£nh / video (76)
225,dÃ¢y chuyá»n máº·t hoa mai máº¡ vÃ ng máº·t Ä‘Ã­nh Ä‘Ã¡ cao cáº¥p,â‚«75.000,None,Phá»¥ Kiá»‡n & Trang Sá»©c Ná»¯/DÃ¢y chuyá»n,386,1079,4.9,5 Sao (132),4 Sao (3),3 Sao (6),2 Sao (0),1 Sao (1),142,CÃ³ BÃ¬nh luáº­n (68),CÃ³ hÃ¬nh áº£nh / video (58)
226,"DÃ¢y chuyá»n máº·t pháº­t báº£n má»‡nh ngÆ°á»i tuá»•i ThÃ¢n, Tuá»•i MÃ¹i size 3.7cm x 2.4cm - Pháº­t Äáº¡i Nháº­t NhÆ° Lai",â‚«65.000,None,Phá»¥ Kiá»‡n & Trang Sá»©c Ná»¯/DÃ¢y chuyá»n,187,92,4.9,5 Sao (0),4 Sao (0),3 Sao (0),2 Sao (0),1 Sao (0),74,CÃ³ BÃ¬nh luáº­n (0),CÃ³ hÃ¬nh áº£nh / video (0)
227,DÃ¢y chuyá»n hai lá»›p Ä‘Ã­nh háº¡t ngá»c trai kiá»ƒu dÃ¡ng thá»i trang phong cÃ¡ch cá»• Ä‘iá»ƒn,â‚«23.758 - â‚«39.877,None,Phá»¥ Kiá»‡n & Trang Sá»©c Ná»¯/DÃ¢y chuyá»n,272,17978,5.0,5 Sao (107),4 Sao (3),3 Sao (1),2 Sao (0),1 Sao (0),111,CÃ³ BÃ¬nh luáº­n (52),CÃ³ hÃ¬nh áº£nh / video (48)
228,VÃ²ng cá»• choker Ä‘Ã­nh háº¡t ngá»c trai nhÃ¢n táº¡o phong cÃ¡ch retro thanh lá»‹ch cho ná»¯,â‚«12.500,None,Phá»¥ Kiá»‡n & Trang Sá»©c Ná»¯/DÃ¢y chuyá»n,488,4403,4.9,5 Sao (181),4 Sao (3),3 Sao (3),2 Sao (0),1 Sao (3),190,CÃ³ BÃ¬nh luáº­n (117),CÃ³ hÃ¬nh áº£nh / video (109)
229,DÃ¢y chuyá»n ná»¯ báº¡c ta máº·t hÃ¬nh vÆ°Æ¡ng miá»‡n gáº¯n Ä‘Ã¡ sang cháº£nh - DÃ¢y chuyá»n báº¡c bibi,â‚«126.100,None,Phá»¥ Kiá»‡n & Trang Sá»©c Ná»¯/DÃ¢y chuyá»n,347,9733,5.0,5 Sao (0),4 Sao (0),3 Sao (0),2 Sao (0),1 Sao (0),170,CÃ³ BÃ¬nh luáº­n (0),CÃ³ hÃ¬nh áº£nh / video (0)
230,Nháº«n trÆ¡n bo gÃ³c unisex thÃ©p titan khÃ´ng gá»‰ thá»i trang HÃ n Quá»‘c BTS,â‚«14.000 - â‚«22.000,None,Phá»¥ Kiá»‡n & Trang Sá»©c Ná»¯/Nháº«n,581,1397,4.9,5 Sao (174),4 Sao (4),3 Sao (2),2 Sao (0),1 Sao (1),181,CÃ³ BÃ¬nh luáº­n (58),CÃ³ hÃ¬nh áº£nh / video (55)
231,Nháº«n nam báº¡c 925 gáº¯n Ä‘Ã¡ tráº¯ng báº£n to sang cháº£nh - Nháº«n bibi silver,â‚«261.900,None,Phá»¥ Kiá»‡n & Trang Sá»©c Ná»¯/Nháº«n,152,2829,4.7,5 Sao (59),4 Sao (4),3 Sao (1),2 Sao (1),1 Sao (3),68,CÃ³ BÃ¬nh luáº­n (31),CÃ³ hÃ¬nh áº£nh / video (27)
232,Nháº«n Kim Loáº¡i Kháº¯c Chá»¯ Phong CÃ¡ch Naruto Akatsuki MÃ u Trong Suá»‘t,â‚«24.050 - â‚«25.350,None,Phá»¥ Kiá»‡n & Trang Sá»©c Ná»¯/Nháº«n,758,99929,4.9,5 Sao (156),4 Sao (14),3 Sao (3),2 Sao (1),1 Sao (0),174,CÃ³ BÃ¬nh luáº­n (79),CÃ³ hÃ¬nh áº£nh / video (61)
233,Nháº«n kim tiá»n ná»¯ Bibi báº¡c chuáº©n gáº¯n Ä‘Ã¡ nhá» quanh nháº«n - Trang sá»©c báº¡c cao cáº¥p,â‚«64.100,None,Phá»¥ Kiá»‡n & Trang Sá»©c Ná»¯/Nháº«n,277,2881,4.9,5 Sao (136),4 Sao (3),3 Sao (0),2 Sao (0),1 Sao (2),141,CÃ³ BÃ¬nh luáº­n (68),CÃ³ hÃ¬nh áº£nh / video (56)
234,"VÃ²ng cá»• 2 táº§ng máº·t Ä‘á»“ng xu la mÃ£ hot trend Ã‚u Má»¹ - dÃ¢y chuyá»n ná»¯ choker bohemian chain Hades,js",â‚«18.000,None,Phá»¥ Kiá»‡n & Trang Sá»©c Ná»¯/DÃ¢y chuyá»n,"1,6k",118,5.0,5 Sao (412),4 Sao (6),3 Sao (0),2 Sao (0),1 Sao (0),418,CÃ³ BÃ¬nh luáº­n (179),CÃ³ hÃ¬nh áº£nh / video (161)
235,VÃ²ng cá»• máº·t dÃ¢y hÃ¬nh robot mini dá»… thÆ°Æ¡ng phong cÃ¡ch hiphop thá»i trang,â‚«7.400 - â‚«20.000,None,Phá»¥ Kiá»‡n & Trang Sá»©c Ná»¯/DÃ¢y chuyá»n,"1,9k",17969,4.9,5 Sao (755),4 Sao (23),3 Sao (14),2 Sao (4),1 Sao (8),804,CÃ³ BÃ¬nh luáº­n (356),CÃ³ hÃ¬nh áº£nh / video (298)
236,DÃ¢y chuyá»n hÃ¬nh ngÃ´i sao tam giÃ¡c káº¿t há»£p,â‚«12.900 - â‚«13.500,None,Phá»¥ Kiá»‡n & Trang Sá»©c Ná»¯/DÃ¢y chuyá»n,959,502,4.9,5 Sao (367),4 Sao (12),3 Sao (3),2 Sao (3),1 Sao (2),387,CÃ³ BÃ¬nh luáº­n (163),CÃ³ hÃ¬nh áº£nh / video (141)
237,DÃ¢y chuyá»n máº·t hÃ¬nh trÃ¡i tim há»£p thá»i trang nhiá»u mÃ u,â‚«10.300,None,Phá»¥ Kiá»‡n & Trang Sá»©c Ná»¯/DÃ¢y chuyá»n,703,4252,4.9,5 Sao (348),4 Sao (9),3 Sao (5),2 Sao (3),1 Sao (2),367,CÃ³ BÃ¬nh luáº­n (272),CÃ³ hÃ¬nh áº£nh / video (255)
238,DÃ¢y chuyá»n Báº¡c trÄƒng sao / VÃ²ng cá»• Báº¡c ná»¯ gáº¯n Ä‘Ã¡ _ğ€Ì‰ğ§ğ¡ + ğ•ğ¢ğğğ¨ ğ­ğ¡ğšÌ£Ì‚ğ­_ ğ‚ğšğ¦ ğ¤ğÌ‚Ìğ­ ğœğ¡ğ®ğšÌ‚Ì‰ğ§ ğğšÌ£ğœ _TUNASILVER,â‚«149.000,None,Phá»¥ Kiá»‡n & Trang Sá»©c Ná»¯/DÃ¢y chuyá»n,212,67,4.9,5 Sao (93),4 Sao (3),3 Sao (1),2 Sao (0),1 Sao (2),99,CÃ³ BÃ¬nh luáº­n (54),CÃ³ hÃ¬nh áº£nh / video (53)
239,DÃ¢y chuyá»n máº·t trÃ²n thá»i trang vÃ²ng cá»• ná»¯ cÃ¡ tÃ­nh,â‚«10.900,None,Phá»¥ Kiá»‡n & Trang Sá»©c Ná»¯/DÃ¢y chuyá»n,592,477,4.9,5 Sao (188),4 Sao (7),3 Sao (1),2 Sao (2),1 Sao (0),198,CÃ³ BÃ¬nh luáº­n (73),CÃ³ hÃ¬nh áº£nh / video (71)
240,Nháº«n Ä‘eo tay hÃ¬nh thá»ƒ thao cÃ¡ tÃ­nh loáº¡i lá»›n,â‚«16.500 - â‚«16.800,None,Phá»¥ Kiá»‡n & Trang Sá»©c Ná»¯/Nháº«n,979,250,4.9,5 Sao (251),4 Sao (7),3 Sao (1),2 Sao (1),1 Sao (1),261,CÃ³ BÃ¬nh luáº­n (55),CÃ³ hÃ¬nh áº£nh / video (41)
241,Nháº«n ná»¯ Ä‘Ã¡ chá»§ 6ly viá»n xoáº¯n vai bÃ¨o cÃ¡ch Ä‘iá»‡u má»m máº¡i tinh táº¿ nháº¹ nhÃ ng Mainomi Shop Báº¡c Xinh,â‚«63.000 - â‚«75.000,Mainomi,Phá»¥ Kiá»‡n & Trang Sá»©c Ná»¯/Nháº«n,912,1344,4.9,5 Sao (336),4 Sao (19),3 Sao (1),2 Sao (2),1 Sao (1),359,CÃ³ BÃ¬nh luáº­n (254),CÃ³ hÃ¬nh áº£nh / video (239)
242, Nháº«n Äeo Tay Kiá»ƒu Thá»ƒ Thao CÃ¡ TÃ­nh DÃ nh Cho Nam VÃ  Ná»¯,â‚«12.000,None,Phá»¥ Kiá»‡n & Trang Sá»©c Ná»¯/Nháº«n,"4,5k",7694,4.9,"5 Sao (1,4k)",4 Sao (27),3 Sao (17),2 Sao (3),1 Sao (5),"1,5k",CÃ³ BÃ¬nh luáº­n (455),CÃ³ hÃ¬nh áº£nh / video (392)
243,DÃ¢y chuyá»n ngá»c trai nhÃ¢n táº¡o - VÃ²ng cá»• phá»¥ kiá»‡n trang sá»©c ná»¯ siÃªu Ä‘áº¹p NHIá»€U MáºªU,â‚«25.000,None,Phá»¥ Kiá»‡n & Trang Sá»©c Ná»¯/DÃ¢y chuyá»n,"1,2k",19988,4.9,5 Sao (27),4 Sao (0),3 Sao (0),2 Sao (0),1 Sao (1),28,CÃ³ BÃ¬nh luáº­n (19),CÃ³ hÃ¬nh áº£nh / video (1)
244,"DÃ¢y chuyá»n, vÃ²ng cá»• ná»¯ báº¡c máº¡ vÃ ng Galaxy máº·t trÄƒng sao trÃ²n Ä‘Ã­nh Ä‘Ã¡ thiáº¿t káº¿ xinh xáº¯n VC61| TRANG Sá»¨C Báº C HARMONY",â‚«197.600,None,Phá»¥ Kiá»‡n & Trang Sá»©c Ná»¯/DÃ¢y chuyá»n,177,46,4.9,5 Sao (71),4 Sao (4),3 Sao (0),2 Sao (1),1 Sao (0),76,CÃ³ BÃ¬nh luáº­n (39),CÃ³ hÃ¬nh áº£nh / video (33)
245,DÃ¢y Chuyá»n Máº·t TrÃ²n Nhá» ÄÃ­nh ÄÃ¡ Zircon Phong CÃ¡ch HÃ n Quá»‘c Äá»™c ÄÃ¡o 210825,â‚«14.028 - â‚«31.221,None,Phá»¥ Kiá»‡n & Trang Sá»©c Ná»¯/DÃ¢y chuyá»n,316,23967,4.9,5 Sao (133),4 Sao (4),3 Sao (2),2 Sao (0),1 Sao (1),140,CÃ³ BÃ¬nh luáº­n (46),CÃ³ hÃ¬nh áº£nh / video (41)
246,DÃ¢y Chuyá»n Ná»¯ ThiÃªn Nga Äen Titan KhÃ´ng Han Rá»‰ TT 1115,â‚«119.040,None,Phá»¥ Kiá»‡n & Trang Sá»©c Ná»¯/DÃ¢y chuyá»n,145,31,5.0,5 Sao (49),4 Sao (2),3 Sao (0),2 Sao (0),1 Sao (0),51,CÃ³ BÃ¬nh luáº­n (23),CÃ³ hÃ¬nh áº£nh / video (21)
247,DÃ¢y chuyá»n kiá»ƒu xÃ­ch 2 mÃ u báº¡c/vÃ ng cÃ¡ tÃ­nh dÃ nh cho ná»¯-1004.ARIES,â‚«18.000 - â‚«18.800,None,Phá»¥ Kiá»‡n & Trang Sá»©c Ná»¯/DÃ¢y chuyá»n,549,38,5.0,5 Sao (156),4 Sao (2),3 Sao (0),2 Sao (0),1 Sao (0),158,CÃ³ BÃ¬nh luáº­n (70),CÃ³ hÃ¬nh áº£nh / video (64)
248,Nháº«n ná»¯ HÃ n Quá»‘c cháº¥t liá»‡u báº¡c tháº­t á»• cao gáº¯n Ä‘Ã¡ mÃ u tráº¯ng 6ly trang sá»©c Báº¡c Quang Tháº£n  - QTNU3,â‚«155.480,Báº¡c Quang Tháº£n,Phá»¥ Kiá»‡n & Trang Sá»©c Ná»¯/Nháº«n,215,43,4.9,5 Sao (97),4 Sao (1),3 Sao (0),2 Sao (0),1 Sao (1),99,CÃ³ BÃ¬nh luáº­n (62),CÃ³ hÃ¬nh áº£nh / video (52)
249, Nháº«n thÃ©p titan mÃ u Ä‘en In chá»¯ I Love You thá»i trang cho nam vÃ  ná»¯,â‚«23.002,None,Phá»¥ Kiá»‡n & Trang Sá»©c Ná»¯/Nháº«n,910,19144,4.8,5 Sao (267),4 Sao (16),3 Sao (10),2 Sao (2),1 Sao (6),290,CÃ³ BÃ¬nh luáº­n (156),CÃ³ hÃ¬nh áº£nh / video (135)
250,DÃ¢y chuyá»n/chocker nhiá»u lá»›p xáº¿p táº§ng DCX39 Mayconner,â‚«25.000,None,Phá»¥ Kiá»‡n & Trang Sá»©c Ná»¯/DÃ¢y chuyá»n,299,93,4.9,5 Sao (108),4 Sao (2),3 Sao (1),2 Sao (0),1 Sao (1),112,CÃ³ BÃ¬nh luáº­n (25),CÃ³ hÃ¬nh áº£nh / video (24)
251,DÃ¢y Chuyá»n Máº¡ VÃ ng / Báº¡c Máº·t ThÃ¡nh GiÃ¡ Cho Nam VÃ  Ná»¯,â‚«8.500,None,Phá»¥ Kiá»‡n & Trang Sá»©c Ná»¯/DÃ¢y chuyá»n,222,9999,4.7,5 Sao (36),4 Sao (1),3 Sao (1),2 Sao (2),1 Sao (1),41,CÃ³ BÃ¬nh luáº­n (22),CÃ³ hÃ¬nh áº£nh / video (12)
252,"DÃ¢y chuyá»n Báº¡c bÃ´ng tuyáº¿t, VÃ²ng cá»• Báº¡c ná»¯ Ä‘Ã­nh Ä‘Ã¡ cao cáº¥p TUNASILVER Trang sá»©c Báº¡c ğ‘¨Ì‰ğ’ğ’‰ + ğ‘½ğ’Šğ’…ğ’†ğ’ ğ‘»ğ’‰ğ’‚Ì£Ì‚ğ’•_Cam káº¿t chuáº©n báº¡c",â‚«185.000,None,Phá»¥ Kiá»‡n & Trang Sá»©c Ná»¯/DÃ¢y chuyá»n,104,63,5.0,5 Sao (50),4 Sao (1),3 Sao (0),2 Sao (0),1 Sao (0),51,CÃ³ BÃ¬nh luáº­n (34),CÃ³ hÃ¬nh áº£nh / video (28)
253,DÃ¢y chuyá»n háº¡t pha lÃª Ä‘áº§y mÃ u sáº¯c thá»i trang dÃ nh cho ná»¯,â‚«20.500,None,Phá»¥ Kiá»‡n & Trang Sá»©c Ná»¯/DÃ¢y chuyá»n,"1,9k",6933,4.9,5 Sao (526),4 Sao (8),3 Sao (10),2 Sao (1),1 Sao (3),548,CÃ³ BÃ¬nh luáº­n (268),CÃ³ hÃ¬nh áº£nh / video (259)
254,DÃ¢y chuyá»n nam titan cao cáº¥p Ä‘áº¹p sang trá»ng inox thÃ©p khÃ´ng gá»‰ dÃ¢y mÃ¬ dáº¹p ahihi.official cá»¡ 3mm mÃ u tráº¯ng PTDCNA43,â‚«39.000,None,Thá»i Trang Nam/Trang Sá»©c Nam/DÃ¢y chuyá»n,269,22122,4.7,5 Sao (55),4 Sao (8),3 Sao (1),2 Sao (1),1 Sao (1),66,CÃ³ BÃ¬nh luáº­n (22),CÃ³ hÃ¬nh áº£nh / video (14)
255,"DÃ¢y Chuyá»n, VÃ²ng Cá»• Hiphop HÃ¬nh ThÃ¡nh GiÃ¡ CÃ¡ TÃ­nh - Bim's House",â‚«28.000,None,Thá»i Trang Nam/Trang Sá»©c Nam/DÃ¢y chuyá»n,195,1157,5.0,5 Sao (67),4 Sao (0),3 Sao (0),2 Sao (0),1 Sao (0),67,CÃ³ BÃ¬nh luáº­n (19),CÃ³ hÃ¬nh áº£nh / video (16)
256,free ship dÃ¢y chuyá»n ná»¯ Ä‘Ã­nh Ä‘Ã¡ 6mm báº¡c ta cá»±c cháº¥t,â‚«104.000,None,Phá»¥ Kiá»‡n & Trang Sá»©c Ná»¯/DÃ¢y chuyá»n,568,1409,4.9,5 Sao (130),4 Sao (3),3 Sao (3),2 Sao (0),1 Sao (2),138,CÃ³ BÃ¬nh luáº­n (86),CÃ³ hÃ¬nh áº£nh / video (75)
257,VÃ²ng cá»• nhiá»u lá»›p máº·t hÃ¬nh bÆ°á»›m thá»i trang 2021 cho ná»¯,â‚«8.200 - â‚«14.600,None,Phá»¥ Kiá»‡n & Trang Sá»©c Ná»¯/DÃ¢y chuyá»n,327,2646,5.0,5 Sao (117),4 Sao (0),3 Sao (1),2 Sao (0),1 Sao (0),118,CÃ³ BÃ¬nh luáº­n (57),CÃ³ hÃ¬nh áº£nh / video (56)
258,[Ráºº VÃ” Äá»ŠCH] VÃ²ng Ä‘eo cá»• HOA ÄÃ€O - DÃ¢y chuyá»n há»£p kim unisex nam ná»¯ Ä‘eo Ä‘Ã´i phá»¥ kiá»‡n trang sá»©c thá»i trang,â‚«9.900,None,Phá»¥ Kiá»‡n & Trang Sá»©c Ná»¯/DÃ¢y chuyá»n,207,179,5.0,5 Sao (71),4 Sao (1),3 Sao (0),2 Sao (0),1 Sao (0),72,CÃ³ BÃ¬nh luáº­n (11),CÃ³ hÃ¬nh áº£nh / video (9)
259,Nháº«n láº¥p lÃ¡nh báº¡c nhÃ¡m thá»i trang sang trá»ng cho ná»¯,â‚«9.999,None,Phá»¥ Kiá»‡n & Trang Sá»©c Ná»¯/Nháº«n,"1,5k",186,4.9,5 Sao (392),4 Sao (12),3 Sao (5),2 Sao (2),1 Sao (5),416,CÃ³ BÃ¬nh luáº­n (117),CÃ³ hÃ¬nh áº£nh / video (107)
260,Nháº«n thÃ©p titan khÃ´ng gá»‰ phong cÃ¡ch Punk phÃ¡ cÃ¡ch,â‚«17.000,None,Phá»¥ Kiá»‡n & Trang Sá»©c Ná»¯/Nháº«n,935,None,4.7,5 Sao (228),4 Sao (19),3 Sao (12),2 Sao (4),1 Sao (7),270,CÃ³ BÃ¬nh luáº­n (127),CÃ³ hÃ¬nh áº£nh / video (88)
261,[CÃ³ sáºµn] VÃ²ng Cá»• Choker ÄÃ­nh ÄÃ¡ Phong CÃ¡ch - YUME PK0037,â‚«55.000,None,Phá»¥ Kiá»‡n & Trang Sá»©c Ná»¯/DÃ¢y chuyá»n,358,113,5.0,5 Sao (77),4 Sao (4),3 Sao (0),2 Sao (0),1 Sao (0),81,CÃ³ BÃ¬nh luáº­n (50),CÃ³ hÃ¬nh áº£nh / video (45)
262,"Sá»‰ Nháº«n Xoay BÃ¡t NhÃ£ TÃ¢m Kinh báº£n nhá» 6mm mÃ u vÃ ng siÃªu Ä‘áº¹p, bá»n mÃ u - táº·ng há»™p - Äeo tay váº¡n sá»± may",â‚«50.000,None,Phá»¥ Kiá»‡n & Trang Sá»©c Ná»¯/Nháº«n,377,6619,4.8,5 Sao (90),4 Sao (10),3 Sao (4),2 Sao (0),1 Sao (2),106,CÃ³ BÃ¬nh luáº­n (43),CÃ³ hÃ¬nh áº£nh / video (33)
263,VÃ²ng cá»•/VÃ²ng tay/KhuyÃªn tai báº±ng há»£p kim hÃ¬nh ngá»n lá»­a phong cÃ¡ch punk hip hop thá»i trang cÃ¡ tÃ­nh,â‚«16.500 - â‚«30.100,None,Phá»¥ Kiá»‡n & Trang Sá»©c Ná»¯/DÃ¢y chuyá»n,207,29994,4.9,5 Sao (49),4 Sao (2),3 Sao (1),2 Sao (0),1 Sao (0),52,CÃ³ BÃ¬nh luáº­n (28),CÃ³ hÃ¬nh áº£nh / video (29)
264,VÃ²ng cá»• báº¡c 925 SUMMERY ngÃ´i sao trÃ¡i tim dÃ¢y chuyá»n S925 (báº¡c / máº¡ vÃ ng),â‚«260.000 - â‚«266.000,None,Phá»¥ Kiá»‡n & Trang Sá»©c Ná»¯/DÃ¢y chuyá»n,159,15,4.9,5 Sao (48),4 Sao (1),3 Sao (2),2 Sao (0),1 Sao (0),51,CÃ³ BÃ¬nh luáº­n (25),CÃ³ hÃ¬nh áº£nh / video (22)
265,Autum98 DÃ¢y chuyá»n hÃ¬nh bÆ°Æ¡m bÆ°á»›m Ä‘Ã­nh Ä‘Ã¡ phong cÃ¡ch thá»i trang xinh xáº¯n cho phÃ¡i ná»¯ (B2-4-4),â‚«8.000,None,Phá»¥ Kiá»‡n & Trang Sá»©c Ná»¯/DÃ¢y chuyá»n,314,59,5.0,5 Sao (60),4 Sao (1),3 Sao (1),2 Sao (0),1 Sao (0),62,CÃ³ BÃ¬nh luáº­n (34),CÃ³ hÃ¬nh áº£nh / video (30)
266,VÃ²ng cá»• báº¡c 925 SUMMERY máº·t trÃ¡i tim ngÃ´i sao dÃ¢y Ä‘Ã´i 2 táº§ng dÃ¢y chuyá»n S925 (vÃ ng há»“ng / báº¡c),â‚«200.000 - â‚«275.500,None,Phá»¥ Kiá»‡n & Trang Sá»©c Ná»¯/DÃ¢y chuyá»n,212,16,4.9,5 Sao (75),4 Sao (2),3 Sao (1),2 Sao (1),1 Sao (1),80,CÃ³ BÃ¬nh luáº­n (45),CÃ³ hÃ¬nh áº£nh / video (35)
267,DÃ¢y chuyá»n máº·t á»• Ä‘Ã¡ nhá» cho ná»¯ báº¡c ta,â‚«50.000 - â‚«89.000,None,Phá»¥ Kiá»‡n & Trang Sá»©c Ná»¯/DÃ¢y chuyá»n,182,209,4.9,5 Sao (81),4 Sao (0),3 Sao (1),2 Sao (1),1 Sao (0),83,CÃ³ BÃ¬nh luáº­n (47),CÃ³ hÃ¬nh áº£nh / video (41)
268,VÃ²ng cá»• Lovito máº·t nháº«n kim loáº¡i kháº¯c chá»¯ A07010 cho ná»¯,â‚«10.000,Lovito,Phá»¥ Kiá»‡n & Trang Sá»©c Ná»¯/DÃ¢y chuyá»n,"4,7k",571,4.9,"5 Sao (2,1k)",4 Sao (51),3 Sao (24),2 Sao (9),1 Sao (11),"2,2k","CÃ³ BÃ¬nh luáº­n (1,5k)","CÃ³ hÃ¬nh áº£nh / video (1,5k)"
269, Nháº«n há»Ÿ Ä‘eo ngÃ³n trá» thiáº¿t káº¿ dá»… thÆ°Æ¡ng ngá»t ngÃ o thá»i trang cho ná»¯,â‚«8.402 - â‚«33.611,None,Phá»¥ Kiá»‡n & Trang Sá»©c Ná»¯/Nháº«n,"1,1k",26904,4.9,5 Sao (302),4 Sao (11),3 Sao (6),2 Sao (0),1 Sao (1),320,CÃ³ BÃ¬nh luáº­n (208),CÃ³ hÃ¬nh áº£nh / video (200)
270,Nháº«n ThÃ©p titan trÆ¡n nam ná»¯ vá»›t cáº¡nh cÃ¡ tÃ­nh khÃ´ng gá»‰ siÃªu bá»n,â‚«9.600 - â‚«9.800,None,Phá»¥ Kiá»‡n & Trang Sá»©c Ná»¯/Nháº«n,3k,83987,4.9,5 Sao (484),4 Sao (25),3 Sao (10),2 Sao (2),1 Sao (4),525,CÃ³ BÃ¬nh luáº­n (259),CÃ³ hÃ¬nh áº£nh / video (224)
271,DÃ¢y chuyá»n nhiá»u lá»›p phong cÃ¡ch Ã‚u Má»¹ cho nam vÃ  ná»¯,â‚«23.900,None,Phá»¥ Kiá»‡n & Trang Sá»©c Ná»¯/DÃ¢y chuyá»n,639,44,5.0,5 Sao (212),4 Sao (2),3 Sao (1),2 Sao (0),1 Sao (0),215,CÃ³ BÃ¬nh luáº­n (57),CÃ³ hÃ¬nh áº£nh / video (50)
272,VÃ’NG TAY CAO Cáº¤P á»” KHÃ“A DÃ‚Y CHUYá»€N CHÃŒA KHÃ“A KHÃ”NG ÄEN,â‚«89.000 - â‚«179.000,None,Phá»¥ Kiá»‡n & Trang Sá»©c Ná»¯/DÃ¢y chuyá»n,806,22,4.8,5 Sao (276),4 Sao (20),3 Sao (6),2 Sao (2),1 Sao (4),308,CÃ³ BÃ¬nh luáº­n (162),CÃ³ hÃ¬nh áº£nh / video (111)
273,Ão Sweater Skeleton Heart Form Rá»™ng Unisex Cao Cáº¥p Nam Ná»¯,â‚«178.000,None,Thá»i Trang Ná»¯/Ão len & Cardigan,"1,6k",59994,5.0,5 Sao (40),4 Sao (0),3 Sao (0),2 Sao (0),1 Sao (0),40,CÃ³ BÃ¬nh luáº­n (32),CÃ³ hÃ¬nh áº£nh / video (3)
274,"Nháº«n ná»¯ basic gá»£n sÃ³ng phong cÃ¡ch Vintage, máº¡ báº¡c 925 sÃ¡ng Ä‘áº¹p HER.ACC N7",â‚«29.000,None,Phá»¥ Kiá»‡n & Trang Sá»©c Ná»¯/Nháº«n,321,57,4.9,5 Sao (105),4 Sao (3),3 Sao (1),2 Sao (0),1 Sao (1),110,CÃ³ BÃ¬nh luáº­n (42),CÃ³ hÃ¬nh áº£nh / video (42)
275, VÃ²ng Cá»• Choker Phong CÃ¡ch HÃ n Quá»‘c Thá»i Trang ğŸ’• DÃ¢y Chuyá»n ğŸ’• Trang sá»©c,â‚«48.000,None,Phá»¥ Kiá»‡n & Trang Sá»©c Ná»¯/DÃ¢y chuyá»n,239,2413,4.8,5 Sao (69),4 Sao (0),3 Sao (1),2 Sao (1),1 Sao (2),73,CÃ³ BÃ¬nh luáº­n (24),CÃ³ hÃ¬nh áº£nh / video (22)
276,DÃ¢y chuyá»n hÃ¬nh bÆ°á»›m ngÃ´i sao cho ná»¯,â‚«11.400 - â‚«11.600,None,Phá»¥ Kiá»‡n & Trang Sá»©c Ná»¯/DÃ¢y chuyá»n,"1,9k",457,5.0,5 Sao (0),4 Sao (0),3 Sao (0),2 Sao (0),1 Sao (0),749,CÃ³ BÃ¬nh luáº­n (0),CÃ³ hÃ¬nh áº£nh / video (0)
277,Ão Len Nam Cá»• Lá» LÃ´ng Cá»«u Cao Cáº¥p DÃ y Dáº·n Má»m Má»‹n Cá»±c áº¤m Kiá»ƒu DÃ¡ng HÃ n Quá»‘c Form Rá»™ng Faviti,â‚«40.000 - â‚«139.000,None,"Thá»i Trang Nam/Ão Hoodie, Ão Len & Ão Ná»‰/Ão Len","89,1k",6054,4.8,"5 Sao (26,9k)","4 Sao (1,9k)",3 Sao (699),2 Sao (208),1 Sao (351),30k,"CÃ³ BÃ¬nh luáº­n (13,7k)","CÃ³ hÃ¬nh áº£nh / video (9,2k)"
278,"DÃ‚Y CHUYá»€N CAO SU ÄEN cao cáº¥p KHÃ“A INOX VIP chuáº©n thá»i trang, mang phong cÃ¡ch Ä‘á»™c Ä‘Ã¡o, cÃ¡ tÃ­nh",â‚«89.000,None,Thá»i Trang Nam/Trang Sá»©c Nam/DÃ¢y chuyá»n,486,8595,4.8,5 Sao (0),4 Sao (0),3 Sao (0),2 Sao (0),1 Sao (0),125,CÃ³ BÃ¬nh luáº­n (0),CÃ³ hÃ¬nh áº£nh / video (0)
279,DÃ¢y chuyá»n báº¡c ná»¯ máº¯t chá»¯ O Ä‘á»™ dÃ i 45cm cháº¥t liá»‡u báº¡c tháº­t khÃ´ng xi máº¡ trang sá»©c Báº¡c Quang Tháº£n - QTVCNU2,â‚«82.026 - â‚«129.270,Báº¡c Quang Tháº£n,Phá»¥ Kiá»‡n & Trang Sá»©c Ná»¯/DÃ¢y chuyá»n,240,266,4.9,5 Sao (115),4 Sao (4),3 Sao (2),2 Sao (1),1 Sao (0),122,CÃ³ BÃ¬nh luáº­n (85),CÃ³ hÃ¬nh áº£nh / video (74)
